id,start_time,end_time,car_plate_number,parking_station_id
0,2023-01-14 11:11:31,2023-01-14 14:03:31,QAG 30GG,66
1,2023-07-11 21:39:58,2023-07-12 00:55:58,QAG 30GG,49
2,2023-05-25 19:06:15,2023-05-25 21:08:15,NIG 6EH2,11
3,2023-08-14 07:42:43,2023-08-14 08:44:43,NL 8759E,64
4,2022-01-27 10:37:04,2022-01-27 11:16:04,PAP 2N46,86
5,2022-12-21 09:54:43,2022-12-21 14:40:43,WJ 2PG16,32
6,2022-05-04 20:33:21,2022-05-04 23:58:21,PJ 6701U,55
7,2023-11-06 12:08:10,2023-11-06 16:17:10,MD 3157B,19
8,2022-06-13 17:48:02,2022-06-13 22:27:02,IOX SL81,85
9,2023-04-07 16:31:34,2023-04-07 19:26:34,BXM 48S7,8
10,2022-08-09 16:37:21,2022-08-09 20:09:21,QQK 4886I,81
11,2022-01-14 20:16:08,2022-01-14 22:18:08,KJV 9M17,32
12,2022-03-08 15:56:03,2022-03-08 19:06:03,AD 6869I,87
13,2023-04-30 08:48:31,2023-04-30 12:10:31,JFJ 20HO,21
14,2022-06-27 13:28:20,2022-06-27 15:39:20,WSY 16757,45
15,2022-09-16 18:59:17,2022-09-16 20:50:17,KVF 8821N,72
16,2022-01-12 14:20:28,2022-01-12 16:06:28,JFJ 20HO,70
17,2022-08-16 07:37:22,2022-08-16 11:09:22,EE 6NZ73,5
18,2023-10-14 15:32:22,2023-10-14 17:43:22,CT 0G163,45
19,2022-08-25 12:21:05,2022-08-25 14:08:05,BXM 48S7,34
20,2022-12-12 04:24:30,2022-12-12 04:38:30,BE 035ZW,32
21,2022-09-15 10:50:54,2022-09-15 13:40:54,XOJ 39684,72
22,2023-12-09 20:28:13,2023-12-09 23:42:13,NNA 04852,87
23,2023-11-29 10:48:55,2023-11-29 11:36:55,NM 610LL,80
24,2022-05-06 19:14:03,2022-05-06 20:06:03,ZYE 2I72,91
25,2022-04-26 13:00:39,2022-04-26 17:10:39,RG 0RL71,26
26,2023-10-28 07:41:46,2023-10-28 08:08:46,LT 39256,25
27,2022-08-16 03:10:45,2022-08-16 04:01:45,ZYE 2I72,3
28,2022-05-08 02:38:28,2022-05-08 03:08:28,SJ 69032,73
29,2023-11-13 10:38:41,2023-11-13 13:26:41,EH 464YL,65
30,2022-11-25 01:02:52,2022-11-25 02:59:52,RG 0RL71,36
31,2023-03-05 02:12:29,2023-03-05 02:47:29,FJU 4CD9,59
32,2023-12-10 08:25:13,2023-12-10 10:19:13,BH 423WF,76
33,2023-04-13 17:21:16,2023-04-13 19:45:16,EW 739IC,18
34,2023-09-15 20:01:53,2023-09-15 23:34:53,SCZ 1F62,89
35,2022-05-03 09:28:33,2022-05-03 13:32:33,XOJ 39684,54
36,2022-10-08 09:40:23,2022-10-08 13:55:23,EJ 10122,32
37,2023-10-02 04:18:56,2023-10-02 07:16:56,EJ 10122,23
38,2023-08-03 16:19:44,2023-08-03 19:35:44,PAP 2N46,67
39,2023-10-18 12:13:15,2023-10-18 15:00:15,IBB 2J19,0
40,2022-11-25 20:58:59,2022-11-26 01:54:59,FQ 3510X,70
41,2023-04-17 03:31:56,2023-04-17 06:00:56,MD 3157B,73
42,2023-08-11 19:19:27,2023-08-11 22:58:27,JL 5GW33,7
43,2022-03-14 06:45:13,2022-03-14 09:58:13,SEB 754TY,25
44,2022-10-26 09:50:58,2022-10-26 12:51:58,PJ 6701U,24
45,2022-04-10 21:59:27,2022-04-11 01:23:27,PAP 2N46,87
46,2022-01-30 01:26:26,2022-01-30 04:21:26,XOM 430HV,45
47,2023-06-04 16:39:19,2023-06-04 18:20:19,WSY 16757,63
48,2022-06-22 00:51:05,2022-06-22 03:18:05,UM 2XE10,99
49,2022-07-08 16:31:38,2022-07-08 17:08:38,DKG 1MH8,18
50,2023-02-13 13:24:48,2023-02-13 17:28:48,TG 58727,27
51,2022-05-07 06:10:24,2022-05-07 07:30:24,CU 5B574,22
52,2023-07-23 11:21:05,2023-07-23 15:09:05,EQH 16E8,61
53,2022-09-24 20:11:00,2022-09-24 21:09:00,EWG 5566J,92
54,2023-07-26 07:23:02,2023-07-26 11:34:02,TQY 440EQ,20
55,2023-11-25 12:01:52,2023-11-25 13:29:52,FJU 4CD9,99
56,2022-04-18 04:19:12,2022-04-18 07:28:12,WEQ 18P7,84
57,2023-11-24 17:21:19,2023-11-24 20:33:19,JFJ 20HO,46
58,2023-02-17 09:37:02,2023-02-17 10:47:02,BE 035ZW,2
59,2022-07-08 09:46:10,2022-07-08 12:27:10,RG 0RL71,87
60,2022-06-09 02:22:44,2022-06-09 03:59:44,ZYE 2I72,8
61,2023-12-26 12:01:27,2023-12-26 16:43:27,LRD 6T52,54
62,2022-01-21 01:43:26,2022-01-21 02:36:26,SG 627OD,71
63,2022-02-10 07:24:10,2022-02-10 09:10:10,KDS 980MJ,67
64,2023-05-29 18:53:11,2023-05-29 22:57:11,BE 035ZW,62
65,2023-08-22 00:27:46,2023-08-22 01:33:46,FQ 1LQ14,96
66,2023-05-18 17:50:29,2023-05-18 19:08:29,FHQ JD77,95
67,2022-07-18 16:54:05,2022-07-18 19:55:05,ZXN 178JJ,8
68,2022-06-25 02:29:06,2022-06-25 06:06:06,PJ 6701U,73
69,2023-08-06 14:41:26,2023-08-06 19:00:26,ROK 63JO,15
70,2022-08-08 13:01:50,2022-08-08 15:39:50,UDE 5Z78,32
71,2023-10-28 07:42:33,2023-10-28 08:47:33,FAC 74000,16
72,2022-05-06 03:20:39,2022-05-06 06:05:39,FJU 4CD9,19
73,2023-12-24 12:47:29,2023-12-24 14:32:29,EW 739IC,32
74,2022-03-29 14:25:46,2022-03-29 16:05:46,NNA 04852,33
75,2023-06-29 13:42:19,2023-06-29 16:53:19,ZXN 178JJ,68
76,2022-10-07 22:56:45,2022-10-08 01:34:45,EQ 5YV89,63
77,2023-08-14 04:25:42,2023-08-14 07:01:42,BXM 48S7,14
78,2023-12-24 04:15:53,2023-12-24 08:11:53,KXK 7FR9,31
79,2023-06-19 17:32:32,2023-06-19 18:39:32,ZYE 2I72,6
80,2023-03-01 08:31:18,2023-03-01 08:50:18,IOX SL81,99
81,2022-12-03 00:55:29,2022-12-03 03:35:29,BXM 48S7,43
82,2022-01-20 19:22:44,2022-01-20 22:02:44,OMK 0K34,59
83,2022-11-12 09:02:39,2022-11-12 12:30:39,ANZ TB24,94
84,2022-03-07 04:58:17,2022-03-07 09:31:17,RZG E322,30
85,2022-05-04 09:01:26,2022-05-04 09:28:26,SEB 754TY,11
86,2023-05-27 10:23:31,2023-05-27 14:00:31,TWJ 2C06,57
87,2022-05-30 20:57:13,2022-05-30 22:34:13,KXK 7FR9,8
88,2022-11-27 00:40:49,2022-11-27 02:29:49,WL 2V338,2
89,2022-01-09 16:03:21,2022-01-09 18:52:21,EW 739IC,78
90,2022-08-04 14:23:26,2022-08-04 16:19:26,ULO 9G37,71
91,2022-08-12 19:25:18,2022-08-12 19:57:18,NKD 6UT4,42
92,2022-08-24 20:12:50,2022-08-24 22:56:50,YLS X697,9
93,2023-09-19 20:58:08,2023-09-19 23:18:08,TG 515KX,90
94,2023-09-23 01:43:02,2023-09-23 04:16:02,ROK 63JO,91
95,2022-02-14 07:19:00,2022-02-14 08:48:00,FK 3PA12,61
96,2022-09-23 09:10:01,2022-09-23 13:05:01,VRI 2GV9,65
97,2022-09-07 12:16:29,2022-09-07 15:20:29,ROK 63JO,0
98,2022-02-03 14:11:37,2022-02-03 19:07:37,NKD 6UT4,4
99,2022-10-07 23:40:05,2022-10-08 02:14:05,RG 0RL71,79
100,2022-11-28 15:03:07,2022-11-28 18:02:07,NIG 6EH2,55
101,2022-08-24 21:10:17,2022-08-25 01:25:17,KDS 980MJ,34
102,2023-01-28 23:09:02,2023-01-29 04:04:02,NKD 6UT4,36
103,2022-04-12 17:40:52,2022-04-12 19:20:52,TQY 440EQ,30
104,2023-12-10 03:18:13,2023-12-10 03:59:13,WAE 0197T,70
105,2023-09-14 10:50:52,2023-09-14 14:47:52,WEQ 18P7,35
106,2022-03-12 23:28:16,2022-03-12 23:57:16,JL 5GW33,43
107,2022-11-16 02:28:10,2022-11-16 03:06:10,TWJ 2C06,88
108,2023-06-04 07:20:07,2023-06-04 10:05:07,EH 464YL,14
109,2022-06-20 03:44:02,2022-06-20 06:07:02,BE 035ZW,82
110,2023-07-22 17:11:16,2023-07-22 19:58:16,SZE 4Z37,46
111,2022-06-23 01:32:01,2022-06-23 02:37:01,XOM 430HV,93
112,2022-02-17 20:45:05,2022-02-17 21:26:05,YU 820UV,80
113,2023-05-29 04:29:31,2023-05-29 09:16:31,BXM 48S7,65
114,2022-06-30 10:01:46,2022-06-30 12:19:46,UM 2XE10,1
115,2023-05-16 23:00:13,2023-05-17 00:49:13,TXU 00L3,76
116,2022-09-29 03:54:22,2022-09-29 07:02:22,FQ 1LQ14,91
117,2022-07-05 03:04:07,2022-07-05 04:55:07,TXU 00L3,49
118,2022-12-20 04:01:04,2022-12-20 07:41:04,RZG E322,89
119,2022-04-28 18:45:49,2022-04-28 19:43:49,TXU 00L3,61
120,2022-11-16 15:53:51,2022-11-16 17:18:51,EVS 2142I,23
121,2023-02-07 01:16:46,2023-02-07 03:42:46,ROK 63JO,41
122,2022-05-17 09:12:55,2022-05-17 11:31:55,QQK 4886I,5
123,2023-12-30 09:15:22,2023-12-30 14:03:22,BE 035ZW,63
124,2022-05-05 01:51:51,2022-05-05 05:59:51,ZYE 2I72,72
125,2023-11-27 08:20:38,2023-11-27 12:48:38,YLS X697,40
126,2023-06-20 12:20:57,2023-06-20 15:25:57,EE 6NZ73,10
127,2022-05-16 19:43:57,2022-05-16 21:48:57,SPV 4211F,62
128,2022-10-13 12:32:15,2022-10-13 16:46:15,GQ 99616,35
129,2023-08-17 23:45:31,2023-08-18 00:29:31,PAP 2N46,23
130,2023-12-18 22:09:56,2023-12-19 01:43:56,FHQ JD77,51
131,2022-05-21 19:45:29,2022-05-21 20:04:29,ETJ 58N3,91
132,2023-05-29 02:03:55,2023-05-29 02:42:55,ZXN 178JJ,43
133,2023-10-14 14:56:23,2023-10-14 16:49:23,WEQ 18P7,9
134,2022-07-16 20:06:55,2022-07-16 21:42:55,ETJ 58N3,15
135,2023-08-28 10:02:42,2023-08-28 13:18:42,EW 739IC,37
136,2023-05-18 04:17:57,2023-05-18 05:29:57,GQ 99616,90
137,2022-08-04 23:01:14,2022-08-05 01:14:14,IOX SL81,79
138,2022-02-06 11:40:12,2022-02-06 11:59:12,TQY 440EQ,23
139,2022-05-28 14:06:43,2022-05-28 15:42:43,NKD 6UT4,96
140,2023-11-01 06:49:48,2023-11-01 09:31:48,BH 423WF,84
141,2022-07-01 13:14:32,2022-07-01 14:53:32,KJV 9M17,20
142,2022-05-18 19:49:24,2022-05-19 00:38:24,EH 464YL,82
143,2023-11-15 14:06:43,2023-11-15 15:00:43,KDS 980MJ,61
144,2022-03-01 08:44:37,2022-03-01 11:48:37,EJ 10122,81
145,2022-12-19 13:36:32,2022-12-19 14:15:32,LT 39256,33
146,2023-10-20 19:41:19,2023-10-20 22:58:19,FHQ JD77,20
147,2023-06-08 18:30:02,2023-06-08 22:40:02,WAE 0197T,46
148,2023-03-16 15:15:52,2023-03-16 18:03:52,LJE 45111,43
149,2022-01-22 01:08:44,2022-01-22 01:20:44,LRD 6T52,73
150,2022-04-24 23:51:29,2022-04-25 01:02:29,FHQ JD77,21
151,2023-11-23 10:53:46,2023-11-23 13:48:46,NNA 04852,80
152,2023-08-12 22:12:38,2023-08-13 00:35:38,GQ 99616,31
153,2022-02-21 05:22:41,2022-02-21 09:40:41,ST 8479R,10
154,2023-02-28 13:39:32,2023-02-28 15:31:32,SCZ 1F62,13
155,2022-10-01 01:43:56,2022-10-01 02:27:56,CU 5B574,82
156,2022-08-09 11:30:09,2022-08-09 14:00:09,IBB 2J19,88
157,2022-08-03 22:51:45,2022-08-04 03:03:45,LT 39256,62
158,2022-08-28 16:39:15,2022-08-28 21:11:15,MA 1SW14,50
159,2023-08-03 12:42:25,2023-08-03 16:35:25,FJU 4CD9,8
160,2022-12-04 03:54:53,2022-12-04 05:34:53,FSC 4303M,59
161,2022-05-18 00:34:55,2022-05-18 01:59:55,SAS 2TC5,84
162,2022-01-10 12:18:53,2022-01-10 16:35:53,IBB 2J19,73
163,2022-10-10 13:11:00,2022-10-10 15:49:00,FAC 74000,56
164,2022-10-04 21:33:53,2022-10-05 00:39:53,RG 0RL71,81
165,2022-04-11 17:28:31,2022-04-11 19:16:31,EWG 5566J,86
166,2022-12-31 02:20:12,2022-12-31 03:04:12,QQK 4886I,42
167,2022-11-15 12:49:48,2022-11-15 13:21:48,PMZ LE23,19
168,2022-01-14 22:42:45,2022-01-15 00:59:45,LJE 45111,90
169,2022-02-23 03:57:21,2022-02-23 04:31:21,ZXN 178JJ,17
170,2022-10-29 13:47:03,2022-10-29 16:12:03,EWG 5566J,96
171,2023-09-29 15:21:04,2023-09-29 18:59:04,SAS 2TC5,71
172,2023-03-27 20:14:13,2023-03-27 22:30:13,SAS 2TC5,98
173,2023-08-03 23:02:35,2023-08-04 03:22:35,QD 8HF20,52
174,2022-04-14 03:00:32,2022-04-14 03:38:32,KJV 9M17,36
175,2023-07-08 15:09:00,2023-07-08 18:54:00,ULO 9G37,67
176,2023-10-24 11:44:25,2023-10-24 16:35:25,DTK FR35,58
177,2022-07-01 16:24:11,2022-07-01 17:12:11,FK 3PA12,34
178,2023-04-27 02:31:24,2023-04-27 03:26:24,SG 627OD,19
179,2022-05-27 23:06:54,2022-05-28 00:10:54,ANZ TB24,13
180,2022-03-09 23:13:47,2022-03-10 00:45:47,VRI 2GV9,5
181,2023-08-03 16:29:48,2023-08-03 20:42:48,CLV 8M64,19
182,2022-01-11 11:32:07,2022-01-11 16:27:07,QD 8HF20,90
183,2022-09-06 03:38:04,2022-09-06 04:27:04,EXC 3JJ9,51
184,2023-09-05 21:25:04,2023-09-05 22:09:04,KMO P825,18
185,2023-03-10 12:54:52,2023-03-10 17:17:52,KMO P825,12
186,2023-05-10 18:34:13,2023-05-10 21:17:13,WEQ 18P7,33
187,2022-02-07 22:34:19,2022-02-07 23:22:19,FAC 74000,40
188,2022-11-28 10:39:46,2022-11-28 14:05:46,WJ 2PG16,62
189,2022-10-09 00:25:33,2022-10-09 03:51:33,NM 610LL,51
190,2023-12-26 22:11:31,2023-12-27 03:08:31,WE 869ST,96
191,2022-02-20 20:32:10,2022-02-20 20:43:10,IOX SL81,70
192,2023-11-17 06:47:03,2023-11-17 09:38:03,SAS 2TC5,3
193,2023-04-27 19:06:03,2023-04-27 21:50:03,NNA 04852,37
194,2023-09-12 10:21:57,2023-09-12 14:03:57,FAC 74000,32
195,2023-06-13 14:36:04,2023-06-13 17:04:04,SZE 4Z37,87
196,2023-09-17 16:05:49,2023-09-17 20:35:49,ZYE 2I72,38
197,2022-08-30 04:30:37,2022-08-30 08:37:37,FK 3PA12,95
198,2023-11-09 01:09:47,2023-11-09 01:59:47,SAS 2TC5,69
199,2022-05-15 14:27:06,2022-05-15 17:51:06,KMO P825,50
200,2022-05-30 06:37:44,2022-05-30 06:56:44,DM 0C935,22
201,2022-04-22 03:49:12,2022-04-22 05:59:12,LJE 45111,57
202,2023-09-22 09:08:38,2023-09-22 13:51:38,ETJ 58N3,95
203,2022-02-15 07:50:03,2022-02-15 09:16:03,PJ 6701U,1
204,2023-04-13 19:03:56,2023-04-13 23:02:56,AD 6869I,39
205,2022-04-22 00:05:13,2022-04-22 03:05:13,EH 464YL,96
206,2023-02-03 09:44:07,2023-02-03 11:57:07,YLS X697,94
207,2023-12-06 13:31:29,2023-12-06 14:47:29,FQ 1LQ14,36
208,2022-04-17 14:14:18,2022-04-17 16:53:18,ZYE 2I72,49
209,2022-08-20 18:30:14,2022-08-20 20:39:14,SCZ 1F62,39
210,2022-10-14 16:08:43,2022-10-14 20:25:43,BE 035ZW,50
211,2022-12-10 14:35:26,2022-12-10 17:36:26,KJV 9M17,95
212,2022-09-27 22:51:41,2022-09-28 00:45:41,ZXN 178JJ,94
213,2023-08-26 07:46:41,2023-08-26 11:08:41,CUU 820FA,14
214,2023-02-01 01:24:34,2023-02-01 02:28:34,DTK FR35,56
215,2022-04-21 14:56:01,2022-04-21 15:19:01,YHC 2598I,37
216,2023-11-29 06:58:39,2023-11-29 09:05:39,SCZ 1F62,90
217,2022-07-22 00:44:59,2022-07-22 05:01:59,UM 2XE10,53
218,2023-02-20 23:57:02,2023-02-21 02:14:02,TWJ 2C06,15
219,2023-08-10 22:09:32,2023-08-11 00:23:32,EH 464YL,56
220,2022-07-13 01:53:09,2022-07-13 04:35:09,QWS 372BJ,59
221,2022-12-09 14:10:53,2022-12-09 19:04:53,QWS 372BJ,53
222,2023-09-28 16:20:18,2023-09-28 19:17:18,KDS 980MJ,98
223,2023-03-15 04:15:51,2023-03-15 07:13:51,KMO P825,62
224,2022-04-02 06:21:14,2022-04-02 08:41:14,PAP 2N46,22
225,2023-01-27 00:10:46,2023-01-27 02:45:46,DQ 248YJ,43
226,2022-07-26 10:59:17,2022-07-26 15:26:17,JM 81413,41
227,2022-08-07 15:58:00,2022-08-07 20:30:00,JL 5GW33,49
228,2022-09-17 12:05:18,2022-09-17 13:41:18,QAG 30GG,47
229,2022-02-14 15:54:33,2022-02-14 18:03:33,TG 58727,97
230,2023-01-20 08:26:19,2023-01-20 11:33:19,NKD 6UT4,28
231,2023-09-12 00:58:40,2023-09-12 02:38:40,EWG 5566J,67
232,2022-03-14 13:50:59,2022-03-14 15:13:59,KMO P825,7
233,2023-04-29 12:41:22,2023-04-29 15:03:22,CLV 8M64,94
234,2022-02-21 03:39:45,2022-02-21 05:06:45,PMZ LE23,73
235,2022-12-22 17:36:10,2022-12-22 20:52:10,SZE 4Z37,87
236,2022-10-05 23:42:03,2022-10-06 00:34:03,ST 8479R,14
237,2023-06-29 19:01:04,2023-06-29 20:34:04,QAG 30GG,20
238,2022-03-05 21:18:25,2022-03-05 22:27:25,QAG 30GG,46
239,2022-04-01 19:28:50,2022-04-01 22:45:50,BXM 48S7,29
240,2022-06-10 02:16:07,2022-06-10 03:05:07,EH 464YL,48
241,2022-08-12 03:26:33,2022-08-12 04:22:33,FK 3PA12,86
242,2022-08-04 19:30:24,2022-08-04 23:07:24,IBB 2J19,13
243,2023-07-20 18:05:36,2023-07-20 22:59:36,FJU 4CD9,34
244,2022-01-23 01:20:39,2022-01-23 05:12:39,FK 3PA12,22
245,2023-09-22 14:44:43,2023-09-22 18:20:43,ULO 9G37,79
246,2022-09-27 08:18:10,2022-09-27 10:31:10,IOX SL81,33
247,2022-05-08 20:24:31,2022-05-09 00:45:31,HSX 0Q24,51
248,2022-02-22 04:01:49,2022-02-22 04:50:49,EJ 10122,30
249,2023-04-09 10:22:41,2023-04-09 14:43:41,NM 610LL,85
250,2022-05-09 04:42:53,2022-05-09 05:28:53,YU 820UV,98
251,2023-03-28 06:09:11,2023-03-28 09:42:11,WE 869ST,82
252,2023-07-20 12:35:18,2023-07-20 15:23:18,RG 0RL71,22
253,2023-07-18 06:33:21,2023-07-18 10:55:21,PJ 6701U,38
254,2023-11-13 08:11:07,2023-11-13 12:09:07,OMK 0K34,98
255,2023-02-12 12:57:29,2023-02-12 15:21:29,CUU 820FA,35
256,2022-01-14 03:58:41,2022-01-14 06:30:41,WAE 0197T,62
257,2023-07-05 16:31:49,2023-07-05 19:57:49,UM 2XE10,64
258,2023-11-07 13:13:22,2023-11-07 17:30:22,HSX 0Q24,2
259,2022-04-21 11:28:30,2022-04-21 14:15:30,JM 81413,53
260,2022-01-08 04:23:12,2022-01-08 07:41:12,WSY 16757,29
261,2023-01-29 02:23:10,2023-01-29 04:28:10,EW 739IC,18
262,2022-12-01 03:41:52,2022-12-01 08:01:52,WL 2V338,85
263,2023-06-22 11:39:22,2023-06-22 15:59:22,QZX 48MB,52
264,2022-10-02 06:40:40,2022-10-02 11:39:40,ZXN 178JJ,51
265,2023-07-05 01:25:35,2023-07-05 03:27:35,FQ 1LQ14,25
266,2022-08-19 14:16:13,2022-08-19 18:32:13,UDE 5Z78,77
267,2023-03-18 15:31:18,2023-03-18 20:14:18,NL 8759E,27
268,2022-04-27 16:52:05,2022-04-27 18:02:05,QWS 372BJ,92
269,2023-10-03 04:50:23,2023-10-03 06:33:23,NL 8759E,61
270,2022-03-05 11:43:55,2022-03-05 14:51:55,NIG 6EH2,27
271,2022-11-30 18:05:19,2022-11-30 18:38:19,BE 035ZW,10
272,2023-11-20 18:26:27,2023-11-20 21:53:27,QWS 372BJ,9
273,2022-12-03 03:47:16,2022-12-03 07:58:16,ANZ TB24,2
274,2023-04-27 12:50:28,2023-04-27 13:58:28,JL 5GW33,48
275,2022-03-15 03:58:49,2022-03-15 05:07:49,SCZ 1F62,76
276,2022-06-12 05:28:36,2022-06-12 09:48:36,NNA 04852,90
277,2022-08-28 18:37:35,2022-08-28 22:06:35,SPV 4211F,43
278,2022-03-07 06:38:36,2022-03-07 10:52:36,TG 58727,40
279,2022-08-29 05:03:06,2022-08-29 05:53:06,EXC 3JJ9,13
280,2023-01-22 22:11:58,2023-01-23 01:43:58,JFJ 20HO,12
281,2023-05-17 17:33:11,2023-05-17 19:51:11,OMK 0K34,44
282,2022-01-04 23:20:13,2022-01-05 02:39:13,BXM 48S7,41
283,2023-03-24 09:12:18,2023-03-24 12:41:18,YLS X697,36
284,2023-06-14 03:47:01,2023-06-14 08:27:01,LFD 2T76,16
285,2023-09-26 08:03:09,2023-09-26 10:50:09,YLS X697,30
286,2023-07-23 09:11:47,2023-07-23 12:39:47,TWJ 2C06,69
287,2023-11-27 22:18:14,2023-11-28 00:28:14,SPV 4211F,98
288,2023-03-18 19:54:43,2023-03-18 23:26:43,BXM 48S7,62
289,2023-10-08 18:33:50,2023-10-08 20:13:50,EQ 5YV89,95
290,2023-03-23 22:19:14,2023-03-23 22:58:14,HSX 0Q24,70
291,2022-04-06 02:52:18,2022-04-06 05:18:18,NKD 6UT4,68
292,2023-10-09 03:25:12,2023-10-09 04:19:12,BE 035ZW,70
293,2023-09-05 03:55:13,2023-09-05 07:43:13,SPV 4211F,62
294,2022-01-18 07:37:58,2022-01-18 11:23:58,YHC 2598I,99
295,2022-10-04 19:07:44,2022-10-04 23:15:44,TG 515KX,91
296,2022-07-10 18:04:08,2022-07-10 22:26:08,WJ 2PG16,80
297,2023-03-22 12:48:32,2023-03-22 16:58:32,EH 464YL,81
298,2022-06-23 07:44:34,2022-06-23 08:39:34,RZG E322,76
299,2022-01-23 09:24:59,2022-01-23 11:37:59,OMK 0K34,77
300,2022-01-08 08:02:51,2022-01-08 10:43:51,ANZ TB24,99
301,2023-08-21 20:15:43,2023-08-21 23:21:43,LT 39256,31
302,2022-02-27 17:40:34,2022-02-27 19:21:34,FJU 4CD9,88
303,2023-10-13 16:24:21,2023-10-13 18:09:21,JM 81413,72
304,2023-02-23 11:44:19,2023-02-23 13:25:19,KJV 9M17,70
305,2022-03-03 17:43:16,2022-03-03 20:50:16,NKD 6UT4,98
306,2022-07-03 09:42:32,2022-07-03 10:02:32,ROK 63JO,3
307,2023-01-21 05:59:33,2023-01-21 09:55:33,NL 8759E,52
308,2023-04-11 23:12:14,2023-04-12 01:29:14,FK 3PA12,52
309,2022-09-07 15:22:22,2022-09-07 15:42:22,PAP 2N46,15
310,2022-08-12 13:38:09,2022-08-12 14:06:09,WAE 0197T,66
311,2022-04-17 20:42:34,2022-04-18 01:10:34,EQ 5YV89,95
312,2023-09-25 18:36:19,2023-09-25 23:34:19,FK 3PA12,61
313,2023-04-27 20:16:05,2023-04-27 21:20:05,FHQ JD77,46
314,2023-09-12 14:24:22,2023-09-12 19:07:22,BXM 48S7,71
315,2022-04-09 05:18:39,2022-04-09 09:34:39,KJV 9M17,9
316,2023-07-09 18:18:42,2023-07-09 19:27:42,XOJ 39684,96
317,2023-03-07 20:54:36,2023-03-07 23:37:36,SG 627OD,44
318,2022-08-08 17:32:21,2022-08-08 17:50:21,TG 515KX,62
319,2023-10-31 16:50:31,2023-10-31 20:55:31,KJV 9M17,41
320,2023-02-20 06:57:50,2023-02-20 11:09:50,CUU 820FA,50
321,2022-04-14 09:55:21,2022-04-14 12:39:21,EH 464YL,37
322,2022-12-08 17:21:22,2022-12-08 19:44:22,TXU 00L3,51
323,2022-07-16 20:27:50,2022-07-17 01:22:50,FQ 3510X,2
324,2023-12-14 10:07:10,2023-12-14 11:56:10,EQ 5YV89,20
325,2022-10-10 15:57:29,2022-10-10 16:19:29,ANZ TB24,99
326,2023-09-14 19:55:26,2023-09-14 22:40:26,VRI 2GV9,19
327,2022-09-19 10:36:14,2022-09-19 11:10:14,DQ 248YJ,68
328,2022-02-04 17:36:36,2022-02-04 18:52:36,UM 2XE10,66
329,2023-12-28 02:06:33,2023-12-28 06:44:33,TG 515KX,98
330,2023-03-29 14:49:52,2023-03-29 16:27:52,FAC 74000,76
331,2022-06-24 21:18:25,2022-06-25 00:28:25,QAG 30GG,45
332,2023-12-23 02:11:43,2023-12-23 02:59:43,WJ 2PG16,89
333,2023-02-18 19:02:42,2023-02-18 19:24:42,FQ 1LQ14,66
334,2022-08-15 12:40:36,2022-08-15 16:18:36,LT 39256,1
335,2022-03-25 00:33:29,2022-03-25 04:22:29,QD 8HF20,18
336,2022-10-14 21:09:03,2022-10-14 21:23:03,ETJ 58N3,52
337,2022-07-23 23:33:14,2022-07-24 04:08:14,MR 25334,95
338,2022-10-25 02:49:02,2022-10-25 04:40:02,SJ 69032,21
339,2022-05-19 20:44:13,2022-05-20 01:25:13,TG 58727,44
340,2023-08-19 07:49:42,2023-08-19 10:30:42,BXM 48S7,76
341,2022-07-26 23:49:22,2022-07-27 03:08:22,NNA 04852,0
342,2022-05-15 15:31:24,2022-05-15 19:51:24,NNA 04852,63
343,2023-12-22 00:24:37,2023-12-22 04:27:37,RZG E322,45
344,2023-07-08 16:36:58,2023-07-08 18:20:58,ZYE 2I72,4
345,2023-01-04 17:52:50,2023-01-04 21:42:50,ZYE 2I72,34
346,2022-09-11 02:34:40,2022-09-11 02:55:40,QD 8HF20,67
347,2022-07-02 11:39:21,2022-07-02 14:29:21,UDE 5Z78,89
348,2022-03-12 14:04:23,2022-03-12 18:10:23,HSX 0Q24,12
349,2023-12-16 11:33:13,2023-12-16 13:03:13,ZYE 2I72,90
350,2023-06-12 13:27:33,2023-06-12 16:46:33,EQ 5YV89,89
351,2022-01-21 19:12:09,2022-01-21 19:55:09,CUU 820FA,46
352,2022-02-13 08:58:30,2022-02-13 13:10:30,AD 6869I,46
353,2022-09-28 21:35:12,2022-09-28 22:21:12,EQH 16E8,32
354,2023-11-27 16:44:00,2023-11-27 19:24:00,ULO 9G37,95
355,2023-11-11 18:47:45,2023-11-11 20:37:45,KJV 9M17,81
356,2023-01-20 11:41:37,2023-01-20 16:25:37,WL 2V338,21
357,2022-07-27 18:46:27,2022-07-27 20:54:27,YLS X697,71
358,2023-05-11 16:08:49,2023-05-11 18:25:49,XOJ 39684,84
359,2022-03-05 21:04:15,2022-03-05 22:05:15,QD 8HF20,29
360,2023-03-07 14:20:34,2023-03-07 15:12:34,SCZ 1F62,26
361,2023-10-29 17:33:50,2023-10-29 19:20:50,SG 627OD,46
362,2023-07-29 11:00:31,2023-07-29 12:01:31,CUU 820FA,56
363,2022-12-25 04:25:11,2022-12-25 08:05:11,EWG 5566J,93
364,2023-06-12 05:38:28,2023-06-12 09:12:28,EW 739IC,60
365,2023-11-26 19:03:37,2023-11-26 23:29:37,WAE 0197T,13
366,2023-11-24 06:02:36,2023-11-24 10:53:36,FQ 3510X,7
367,2022-08-03 00:27:12,2022-08-03 03:49:12,FSC 4303M,1
368,2022-09-20 01:52:13,2022-09-20 05:28:13,RZG E322,64
369,2023-08-31 22:09:16,2023-09-01 01:28:16,XOJ 39684,45
370,2022-10-30 12:38:42,2022-10-30 16:31:42,GQ 99616,11
371,2022-12-06 17:46:39,2022-12-06 19:54:39,EQH 16E8,27
372,2022-11-11 02:48:42,2022-11-11 03:04:42,BXM 48S7,31
373,2022-04-12 09:37:29,2022-04-12 13:19:29,IOX SL81,22
374,2023-07-10 08:51:04,2023-07-10 12:21:04,ROK 63JO,89
375,2022-06-17 00:13:15,2022-06-17 01:55:15,KJV 9M17,4
376,2022-09-11 23:45:05,2022-09-12 03:33:05,PMZ LE23,78
377,2023-04-01 12:25:34,2023-04-01 16:56:34,GQ 99616,14
378,2022-05-22 01:53:59,2022-05-22 04:01:59,NIG 6EH2,31
379,2023-10-03 06:34:05,2023-10-03 08:36:05,MD 3157B,52
380,2023-10-17 06:12:13,2023-10-17 09:46:13,EWG 5566J,20
381,2023-06-14 19:18:43,2023-06-14 21:04:43,IBB 2J19,4
382,2023-06-21 10:55:52,2023-06-21 12:18:52,WSY 16757,15
383,2023-11-21 13:44:50,2023-11-21 15:30:50,GQ 99616,20
384,2022-04-07 10:14:37,2022-04-07 12:57:37,VRI 2GV9,31
385,2022-10-03 17:44:58,2022-10-03 21:40:58,MD 3157B,31
386,2022-05-20 21:59:23,2022-05-20 22:43:23,KDS 980MJ,20
387,2022-07-12 19:58:55,2022-07-13 00:15:55,XOJ 39684,58
388,2022-05-13 00:17:26,2022-05-13 03:45:26,FQ 3510X,52
389,2023-07-19 10:31:37,2023-07-19 12:22:37,NA 77233,50
390,2022-12-13 09:27:33,2022-12-13 09:37:33,ANZ TB24,59
391,2022-06-15 21:51:10,2022-06-16 01:42:10,SPV 4211F,38
392,2022-06-07 14:20:09,2022-06-07 18:20:09,IBB 2J19,81
393,2023-12-18 03:12:52,2023-12-18 05:26:52,KJV 9M17,70
394,2022-02-19 17:37:12,2022-02-19 19:22:12,FSC 4303M,74
395,2023-11-06 06:24:18,2023-11-06 07:24:18,WSY 16757,28
396,2022-05-14 09:36:50,2022-05-14 11:23:50,QAG 30GG,45
397,2023-05-11 08:32:07,2023-05-11 11:53:07,TG 58727,90
398,2023-09-30 16:55:34,2023-09-30 19:10:34,SAS 2TC5,46
399,2022-03-24 14:06:12,2022-03-24 17:08:12,NM 610LL,56
400,2022-02-24 20:21:42,2022-02-25 00:29:42,TG 515KX,66
401,2022-05-29 14:19:27,2022-05-29 15:06:27,UDE 5Z78,51
402,2023-03-02 15:53:23,2023-03-02 19:48:23,JM 81413,28
403,2022-04-30 00:01:45,2022-04-30 00:56:45,RG 0RL71,42
404,2023-03-21 12:03:38,2023-03-21 13:48:38,JFJ 20HO,63
405,2023-05-03 13:05:52,2023-05-03 13:41:52,CT 0G163,19
406,2022-08-15 03:50:41,2022-08-15 04:19:41,WL 2V338,12
407,2023-07-28 12:53:02,2023-07-28 15:13:02,SEB 754TY,58
408,2022-04-08 22:43:44,2022-04-09 03:24:44,RF 7059G,33
409,2023-05-04 01:21:02,2023-05-04 01:56:02,KVF 8821N,11
410,2023-09-28 21:16:48,2023-09-29 00:29:48,LJE 45111,53
411,2023-01-19 07:38:00,2023-01-19 08:20:00,FQ 1LQ14,17
412,2022-12-16 05:44:43,2022-12-16 06:47:43,NL 8759E,7
413,2023-01-13 20:05:20,2023-01-13 20:21:20,MR 25334,9
414,2023-03-15 23:32:16,2023-03-16 00:21:16,CU 5B574,85
415,2022-10-21 22:50:46,2022-10-22 00:16:46,FQ 3510X,34
416,2022-02-20 22:08:11,2022-02-21 02:33:11,MA 1SW14,27
417,2023-06-22 05:14:44,2023-06-22 08:05:44,HSX 0Q24,29
418,2023-01-08 10:23:41,2023-01-08 14:09:41,HSX 0Q24,67
419,2022-07-14 17:26:55,2022-07-14 22:26:55,JL 5GW33,90
420,2022-05-04 22:49:23,2022-05-05 03:09:23,OJX 21468,47
421,2022-01-05 17:00:30,2022-01-05 21:15:30,FHQ JD77,92
422,2023-10-08 08:07:08,2023-10-08 10:04:08,UDE 5Z78,76
423,2023-06-07 05:26:45,2023-06-07 08:12:45,WSY 16757,11
424,2023-12-27 07:13:31,2023-12-27 07:41:31,LRD 6T52,9
425,2022-05-28 04:39:32,2022-05-28 06:11:32,QD 8HF20,72
426,2023-02-07 02:12:17,2023-02-07 03:07:17,EW 739IC,96
427,2022-04-05 00:29:17,2022-04-05 05:12:17,CT 0G163,28
428,2023-10-15 07:37:00,2023-10-15 12:13:00,SZE 4Z37,25
429,2023-12-10 20:40:15,2023-12-10 23:54:15,PJ 6701U,4
430,2022-03-29 01:40:22,2022-03-29 05:24:22,EW 739IC,41
431,2022-01-16 02:49:08,2022-01-16 04:02:08,WJ 2PG16,57
432,2022-06-01 03:41:12,2022-06-01 08:25:12,DM 0C935,71
433,2022-03-15 05:47:51,2022-03-15 07:22:51,WG 766VP,23
434,2023-09-11 02:25:13,2023-09-11 02:44:13,ZYE 2I72,99
435,2022-06-24 04:13:49,2022-06-24 06:19:49,OJX 21468,31
436,2022-10-07 21:35:58,2022-10-07 23:16:58,KXK 7FR9,22
437,2023-03-01 13:42:09,2023-03-01 15:20:09,ZXN 178JJ,61
438,2022-07-18 09:12:51,2022-07-18 14:02:51,BXM 48S7,26
439,2022-12-03 21:49:35,2022-12-04 02:26:35,WAE 0197T,40
440,2022-04-23 22:09:09,2022-04-24 01:42:09,BH 423WF,74
441,2023-09-28 01:22:13,2023-09-28 04:45:13,EJ 10122,5
442,2022-04-22 16:16:18,2022-04-22 21:03:18,XOJ 39684,78
443,2023-10-21 00:31:36,2023-10-21 03:36:36,LFD 2T76,41
444,2023-12-27 03:14:40,2023-12-27 06:42:40,XOM 430HV,4
445,2022-02-06 02:11:32,2022-02-06 04:07:32,NKD 6UT4,54
446,2023-07-03 00:12:41,2023-07-03 01:10:41,RZG E322,78
447,2023-03-04 13:00:19,2023-03-04 16:47:19,RG 0RL71,23
448,2023-05-25 12:09:11,2023-05-25 14:41:11,LRD 6T52,69
449,2023-04-28 02:10:09,2023-04-28 05:38:09,FQ 3510X,43
450,2023-09-22 07:41:58,2023-09-22 09:41:58,OMK 0K34,16
451,2023-11-25 14:23:42,2023-11-25 19:07:42,TG 515KX,86
452,2023-06-14 05:50:08,2023-06-14 08:41:08,WSY 16757,98
453,2022-04-01 16:28:07,2022-04-01 16:45:07,MA 1SW14,43
454,2022-03-30 22:33:41,2022-03-31 01:42:41,NKD 6UT4,56
455,2023-08-27 10:11:03,2023-08-27 13:58:03,MA 1SW14,10
456,2023-09-28 21:01:26,2023-09-28 22:26:26,EXC 3JJ9,41
457,2023-08-05 22:53:56,2023-08-06 01:03:56,XOM 430HV,19
458,2022-05-23 15:59:02,2022-05-23 19:32:02,IBB 2J19,30
459,2022-05-03 05:05:34,2022-05-03 08:45:34,NL 8759E,0
460,2023-12-05 18:51:19,2023-12-05 22:56:19,FQ 3510X,28
461,2023-05-15 04:21:42,2023-05-15 04:43:42,VRI 2GV9,3
462,2022-11-01 00:40:21,2022-11-01 04:01:21,EE 6NZ73,1
463,2023-06-26 17:01:16,2023-06-26 21:44:16,FHQ JD77,28
464,2023-12-07 10:18:06,2023-12-07 10:47:06,VRI 2GV9,90
465,2023-11-27 04:05:42,2023-11-27 07:58:42,AD 6869I,19
466,2022-07-24 05:22:48,2022-07-24 06:47:48,EJ 10122,24
467,2022-07-13 06:30:38,2022-07-13 08:16:38,QAG 30GG,97
468,2023-11-02 19:23:54,2023-11-02 21:04:54,SJ 69032,78
469,2022-08-25 00:50:46,2022-08-25 01:09:46,MA 1SW14,56
470,2023-12-17 08:25:00,2023-12-17 13:03:00,JL 5GW33,23
471,2023-05-02 07:02:00,2023-05-02 08:58:00,ST 8479R,1
472,2023-06-24 04:18:21,2023-06-24 04:30:21,EE 6NZ73,46
473,2022-12-20 14:09:19,2022-12-20 18:34:19,FAC 74000,3
474,2023-12-03 06:58:04,2023-12-03 09:13:04,XOJ 39684,94
475,2023-11-04 03:14:14,2023-11-04 04:22:14,YLS X697,81
476,2022-05-19 20:20:14,2022-05-20 00:29:14,TQY 440EQ,54
477,2022-07-24 12:51:35,2022-07-24 15:06:35,IBB 2J19,38
478,2023-10-12 15:22:19,2023-10-12 17:52:19,EWG 5566J,8
479,2023-03-16 00:42:25,2023-03-16 02:36:25,ULO 9G37,84
480,2022-05-11 11:36:52,2022-05-11 15:44:52,CLV 8M64,45
481,2023-04-17 07:54:59,2023-04-17 12:15:59,OMK 0K34,71
482,2022-04-05 20:44:51,2022-04-05 20:54:51,AD 6869I,24
483,2023-12-22 08:15:15,2023-12-22 10:09:15,LJE 45111,37
484,2023-10-08 19:57:39,2023-10-08 21:35:39,FHQ JD77,19
485,2022-09-28 10:45:09,2022-09-28 10:58:09,WEQ 18P7,92
486,2023-05-17 09:08:32,2023-05-17 13:22:32,PMZ LE23,11
487,2022-11-24 12:54:27,2022-11-24 15:17:27,SPV 4211F,79
488,2022-09-21 11:08:37,2022-09-21 11:20:37,TG 58727,62
489,2023-10-26 20:22:11,2023-10-26 22:31:11,CU 5B574,47
490,2022-11-12 00:02:50,2022-11-12 01:51:50,EE 6NZ73,51
491,2023-06-30 07:00:22,2023-06-30 10:58:22,WEQ 18P7,90
492,2023-09-17 21:06:41,2023-09-17 22:02:41,WJ 2PG16,23
493,2022-10-04 02:52:31,2022-10-04 03:02:31,MR 25334,37
494,2023-10-29 00:57:59,2023-10-29 05:55:59,ZXN 178JJ,65
495,2022-07-05 21:18:38,2022-07-06 01:30:38,PAP 2N46,88
496,2023-03-03 19:44:39,2023-03-03 22:39:39,QAG 30GG,10
497,2022-07-03 11:29:42,2022-07-03 14:28:42,NKD 6UT4,56
498,2023-08-29 19:52:23,2023-08-29 21:34:23,KDS 980MJ,25
499,2023-09-11 06:53:57,2023-09-11 07:14:57,KVF 8821N,43
500,2022-06-09 23:41:07,2022-06-10 04:28:07,WL 2V338,89
501,2023-01-01 10:04:57,2023-01-01 14:37:57,NA 77233,76
502,2022-03-07 14:17:39,2022-03-07 17:05:39,SG 627OD,13
503,2022-09-07 07:01:42,2022-09-07 08:55:42,HSX 0Q24,65
504,2022-09-12 06:47:16,2022-09-12 10:49:16,MD 3157B,26
505,2022-01-28 02:03:21,2022-01-28 05:33:21,MA 1SW14,55
506,2023-09-20 15:46:55,2023-09-20 18:05:55,QAG 30GG,10
507,2023-02-18 07:58:14,2023-02-18 12:20:14,XOM 430HV,29
508,2022-11-07 13:24:27,2022-11-07 16:35:27,FQ 3510X,99
509,2023-03-27 23:22:14,2023-03-28 00:37:14,EH 464YL,41
510,2023-09-27 16:02:41,2023-09-27 17:07:41,KMO P825,95
511,2022-11-16 00:15:09,2022-11-16 02:47:09,HSX 0Q24,87
512,2023-04-07 03:46:29,2023-04-07 06:31:29,EQH 16E8,14
513,2023-06-01 18:45:43,2023-06-01 22:02:43,KMO P825,62
514,2023-01-22 05:49:34,2023-01-22 08:58:34,LFD 2T76,56
515,2023-10-27 03:03:56,2023-10-27 04:09:56,PMZ LE23,13
516,2023-11-14 03:46:50,2023-11-14 08:40:50,KDS 980MJ,76
517,2022-02-01 04:48:33,2022-02-01 09:08:33,BH 423WF,70
518,2022-07-02 10:24:09,2022-07-02 13:40:09,XOM 430HV,79
519,2022-01-03 03:25:21,2022-01-03 08:16:21,NL 8759E,98
520,2022-11-19 07:54:42,2022-11-19 10:59:42,QAG 30GG,58
521,2022-05-02 17:05:57,2022-05-02 22:00:57,EQH 16E8,58
522,2023-06-25 02:44:41,2023-06-25 06:30:41,NL 8759E,87
523,2023-05-05 07:39:44,2023-05-05 11:50:44,SCZ 1F62,10
524,2022-08-28 23:07:21,2022-08-29 00:44:21,TXU 00L3,33
525,2022-04-01 22:04:23,2022-04-02 02:04:23,ANZ TB24,59
526,2022-03-17 08:13:55,2022-03-17 10:06:55,NL 8759E,27
527,2023-06-01 20:37:49,2023-06-02 00:15:49,BE 035ZW,79
528,2023-02-10 00:33:58,2023-02-10 04:43:58,IBB 2J19,53
529,2023-10-10 08:58:16,2023-10-10 10:22:16,CLV 8M64,22
530,2022-10-15 09:54:41,2022-10-15 10:13:41,FQ 3510X,91
531,2023-04-14 02:53:32,2023-04-14 06:31:32,ANZ TB24,35
532,2023-12-11 14:20:11,2023-12-11 18:50:11,UM 2XE10,45
533,2023-11-30 03:49:00,2023-11-30 08:05:00,SZE 4Z37,22
534,2022-03-28 00:05:31,2022-03-28 00:43:31,CU 5B574,78
535,2023-09-14 01:57:38,2023-09-14 06:34:38,EQ 5YV89,35
536,2022-06-16 14:22:57,2022-06-16 18:02:57,WG 766VP,41
537,2023-08-25 01:32:39,2023-08-25 05:39:39,EVS 2142I,42
538,2022-02-14 16:19:06,2022-02-14 16:29:06,WAE 0197T,56
539,2023-02-28 13:58:23,2023-02-28 18:38:23,NIG 6EH2,42
540,2022-04-07 17:45:56,2022-04-07 18:48:56,RF 7059G,73
541,2023-11-11 21:33:50,2023-11-12 02:32:50,ULO 9G37,81
542,2022-10-26 12:18:53,2022-10-26 16:58:53,EQH 16E8,66
543,2023-11-04 15:22:40,2023-11-04 16:47:40,NNA 04852,50
544,2022-10-30 22:37:59,2022-10-31 00:31:59,RG 0RL71,62
545,2023-12-06 14:48:34,2023-12-06 17:30:34,XOJ 39684,95
546,2023-04-17 18:20:25,2023-04-17 23:18:25,LRD 6T52,5
547,2023-07-06 07:42:37,2023-07-06 08:42:37,CU 5B574,19
548,2023-10-19 23:29:11,2023-10-20 03:16:11,DQ 248YJ,17
549,2022-07-21 01:37:05,2022-07-21 02:33:05,LT 39256,41
550,2022-05-22 16:33:02,2022-05-22 19:01:02,KJV 9M17,75
551,2023-02-11 18:27:23,2023-02-11 20:22:23,FSC 4303M,82
552,2023-06-17 08:55:12,2023-06-17 12:50:12,YU 820UV,80
553,2022-08-21 19:34:43,2022-08-21 22:11:43,SAS 2TC5,16
554,2023-08-10 07:36:33,2023-08-10 11:50:33,MA 1SW14,89
555,2023-03-05 16:14:15,2023-03-05 18:16:15,ULO 9G37,90
556,2023-03-15 15:05:03,2023-03-15 15:22:03,RZG E322,35
557,2023-04-18 11:34:21,2023-04-18 12:15:21,EQ 5YV89,29
558,2023-07-18 06:33:21,2023-07-18 08:05:21,NKD 6UT4,55
559,2022-11-17 09:46:38,2022-11-17 14:30:38,MA 1SW14,18
560,2023-08-01 19:51:20,2023-08-02 00:26:20,ULO 9G37,82
561,2023-10-22 21:11:25,2023-10-22 22:11:25,MD 3157B,6
562,2022-03-10 10:40:10,2022-03-10 14:24:10,LRD 6T52,82
563,2022-10-07 03:32:46,2022-10-07 06:03:46,GQ 99616,0
564,2023-04-13 03:26:56,2023-04-13 03:41:56,ANZ TB24,5
565,2023-10-12 08:07:10,2023-10-12 12:30:10,AD 6869I,31
566,2022-06-05 02:22:10,2022-06-05 03:16:10,JM 81413,10
567,2022-02-27 07:25:02,2022-02-27 10:16:02,ZXN 178JJ,47
568,2022-06-01 09:41:07,2022-06-01 13:58:07,RF 7059G,85
569,2022-07-08 10:21:08,2022-07-08 11:25:08,RG 0RL71,98
570,2023-03-24 07:34:58,2023-03-24 10:37:58,CT 0G163,39
571,2023-08-17 16:24:43,2023-08-17 20:03:43,SZE 4Z37,39
572,2022-03-11 14:50:22,2022-03-11 17:46:22,FAC 74000,58
573,2023-12-23 05:16:17,2023-12-23 06:18:17,SZE 4Z37,42
574,2023-02-07 16:13:55,2023-02-07 20:21:55,CUU 820FA,5
575,2022-06-18 16:41:05,2022-06-18 18:14:05,ST 8479R,21
576,2022-10-09 08:39:19,2022-10-09 12:25:19,BXM 48S7,44
577,2022-09-23 06:11:10,2022-09-23 07:33:10,EJ 10122,41
578,2023-04-17 18:16:20,2023-04-17 19:02:20,RF 7059G,58
579,2023-11-20 23:43:47,2023-11-21 01:40:47,ST 8479R,62
580,2022-03-21 21:57:53,2022-03-22 01:17:53,SPV 4211F,69
581,2022-10-08 03:05:04,2022-10-08 05:07:04,ULO 9G37,40
582,2023-07-03 13:28:35,2023-07-03 16:16:35,QQK 4886I,13
583,2022-01-07 13:58:27,2022-01-07 14:53:27,KVF 8821N,47
584,2022-05-10 13:24:41,2022-05-10 14:26:41,SPV 4211F,5
585,2022-11-07 17:29:32,2022-11-07 21:08:32,MD 3157B,28
586,2022-12-25 17:59:06,2022-12-25 22:58:06,WE 869ST,74
587,2022-06-08 16:10:31,2022-06-08 20:15:31,FQ 3510X,85
588,2022-07-01 09:11:19,2022-07-01 13:17:19,RF 7059G,39
589,2023-05-16 19:19:53,2023-05-17 00:06:53,ANZ TB24,10
590,2023-06-15 19:03:30,2023-06-15 21:26:30,FAC 74000,89
591,2022-10-09 11:50:13,2022-10-09 14:08:13,KJV 9M17,90
592,2022-03-08 03:18:14,2022-03-08 06:09:14,ANZ TB24,44
593,2022-03-30 00:07:11,2022-03-30 04:04:11,MA 1SW14,38
594,2023-06-20 05:55:16,2023-06-20 06:09:16,WL 2V338,94
595,2023-12-18 01:48:08,2023-12-18 04:44:08,BE 035ZW,27
596,2023-09-18 17:33:34,2023-09-18 21:07:34,SJ 69032,7
597,2022-09-26 06:39:35,2022-09-26 09:52:35,EWG 5566J,60
598,2023-08-17 22:48:40,2023-08-18 02:38:40,UDE 5Z78,50
599,2023-10-31 01:39:07,2023-10-31 05:32:07,WAE 0197T,44
600,2023-09-19 20:02:26,2023-09-20 00:55:26,KVF 8821N,91
601,2023-02-26 08:01:37,2023-02-26 08:55:37,QAG 30GG,25
602,2022-10-02 11:09:11,2022-10-02 14:37:11,WG 766VP,23
603,2023-10-13 02:01:55,2023-10-13 02:49:55,UM 2XE10,96
604,2023-08-24 04:42:00,2023-08-24 06:12:00,PJ 6701U,28
605,2023-02-27 01:24:48,2023-02-27 02:29:48,DKG 1MH8,91
606,2023-02-08 21:22:14,2023-02-08 23:36:14,SCZ 1F62,80
607,2023-01-14 19:36:51,2023-01-14 23:20:51,DQ 248YJ,80
608,2023-03-19 20:34:17,2023-03-19 22:35:17,JM 81413,39
609,2023-06-02 18:59:11,2023-06-02 21:18:11,BE 035ZW,18
610,2022-08-05 05:22:48,2022-08-05 07:32:48,GQ 99616,15
611,2022-08-09 08:39:30,2022-08-09 10:37:30,PJ 6701U,17
612,2023-10-21 13:26:26,2023-10-21 13:59:26,SAS 2TC5,79
613,2022-06-15 10:54:03,2022-06-15 15:00:03,YLS X697,75
614,2022-10-13 16:22:27,2022-10-13 19:36:27,SZE 4Z37,73
615,2023-11-24 18:47:16,2023-11-24 21:33:16,WL 2V338,71
616,2022-11-08 07:33:40,2022-11-08 10:03:40,BXM 48S7,87
617,2023-08-11 05:54:38,2023-08-11 08:36:38,GQ 99616,95
618,2022-05-16 16:39:35,2022-05-16 21:24:35,QWS 372BJ,15
619,2022-04-04 09:18:17,2022-04-04 11:26:17,PMZ LE23,16
620,2022-06-19 05:15:18,2022-06-19 05:29:18,OMK 0K34,45
621,2023-11-09 09:08:49,2023-11-09 11:47:49,EQ 5YV89,30
622,2023-02-02 20:05:48,2023-02-02 23:44:48,HSX 0Q24,98
623,2023-02-06 22:07:53,2023-02-06 23:25:53,MA 1SW14,86
624,2023-01-24 23:43:45,2023-01-25 00:33:45,LFD 2T76,59
625,2023-04-14 13:16:10,2023-04-14 16:33:10,FAC 74000,2
626,2023-10-06 04:42:43,2023-10-06 06:10:43,TWJ 2C06,77
627,2023-03-17 02:27:53,2023-03-17 04:26:53,PAP 2N46,61
628,2022-10-23 20:08:26,2022-10-23 23:54:26,WG 766VP,51
629,2022-11-23 17:45:28,2022-11-23 19:55:28,FSC 4303M,8
630,2023-12-23 23:33:10,2023-12-24 02:19:10,WL 2V338,10
631,2022-07-18 09:21:38,2022-07-18 13:35:38,EWG 5566J,32
632,2023-11-08 07:29:25,2023-11-08 08:50:25,BXM 48S7,88
633,2022-04-27 22:53:05,2022-04-28 02:04:05,SZE 4Z37,15
634,2023-12-18 00:17:00,2023-12-18 01:46:00,FSC 4303M,65
635,2022-07-27 22:18:19,2022-07-28 02:08:19,KXK 7FR9,63
636,2023-07-13 01:55:43,2023-07-13 03:33:43,UM 2XE10,86
637,2023-11-30 22:24:27,2023-12-01 02:59:27,ULO 9G37,24
638,2023-08-31 04:27:21,2023-08-31 07:36:21,EVS 2142I,34
639,2023-10-17 15:14:14,2023-10-17 16:07:14,YLS X697,65
640,2022-10-10 05:49:31,2022-10-10 07:21:31,MD 3157B,30
641,2022-11-18 18:33:43,2022-11-18 21:38:43,EWG 5566J,36
642,2022-03-01 00:06:54,2022-03-01 00:48:54,LT 39256,22
643,2023-02-08 14:23:36,2023-02-08 18:51:36,FSC 4303M,15
644,2022-02-07 10:54:49,2022-02-07 12:03:49,KVF 8821N,6
645,2023-10-06 15:34:19,2023-10-06 17:54:19,WEQ 18P7,8
646,2022-05-02 06:02:13,2022-05-02 10:08:13,WJ 2PG16,7
647,2022-05-30 01:49:02,2022-05-30 03:54:02,DQ 248YJ,83
648,2023-03-22 05:35:41,2023-03-22 10:23:41,FQ 1LQ14,17
649,2023-02-12 10:53:48,2023-02-12 14:51:48,FJU 4CD9,61
650,2023-02-19 19:14:44,2023-02-19 23:26:44,MR 25334,15
651,2022-09-08 23:41:19,2022-09-09 03:37:19,NA 77233,88
652,2022-05-22 07:44:51,2022-05-22 08:25:51,LJE 45111,44
653,2022-08-17 23:04:27,2022-08-17 23:58:27,TWJ 2C06,74
654,2023-01-28 19:08:45,2023-01-28 21:10:45,LFD 2T76,80
655,2023-06-14 01:00:38,2023-06-14 03:24:38,WJ 2PG16,44
656,2022-04-13 04:57:52,2022-04-13 08:12:52,ROK 63JO,87
657,2022-08-16 05:19:41,2022-08-16 06:11:41,LRD 6T52,45
658,2023-05-04 16:18:48,2023-05-04 17:51:48,FK 3PA12,48
659,2022-12-21 00:08:05,2022-12-21 01:19:05,EQ 5YV89,23
660,2022-09-25 12:13:51,2022-09-25 16:43:51,WSY 16757,26
661,2023-09-29 01:59:59,2023-09-29 03:33:59,ZXN 178JJ,22
662,2022-08-15 16:15:50,2022-08-15 18:08:50,FSC 4303M,37
663,2023-05-08 09:29:45,2023-05-08 12:03:45,KVF 8821N,57
664,2023-05-11 19:08:12,2023-05-11 19:51:12,FJU 4CD9,61
665,2023-07-11 18:48:42,2023-07-11 19:28:42,IBB 2J19,2
666,2022-12-09 17:01:41,2022-12-09 19:42:41,CLV 8M64,65
667,2022-04-18 03:38:03,2022-04-18 06:53:03,DKG 1MH8,3
668,2022-06-06 11:12:09,2022-06-06 15:42:09,QWS 372BJ,1
669,2022-03-20 01:46:57,2022-03-20 05:12:57,FK 3PA12,67
670,2022-05-30 00:00:14,2022-05-30 02:05:14,MA 1SW14,35
671,2022-08-29 14:44:42,2022-08-29 19:24:42,SJ 69032,71
672,2023-12-20 00:22:33,2023-12-20 05:04:33,DQ 248YJ,82
673,2023-05-30 13:53:46,2023-05-30 18:50:46,WL 2V338,55
674,2022-11-26 19:20:55,2022-11-26 23:13:55,JM 81413,24
675,2022-07-06 04:53:49,2022-07-06 09:05:49,SEB 754TY,96
676,2022-06-22 23:07:50,2022-06-23 03:33:50,YHC 2598I,29
677,2022-01-17 01:44:45,2022-01-17 02:57:45,UM 2XE10,9
678,2023-10-01 22:55:27,2023-10-02 03:28:27,MD 3157B,62
679,2023-05-29 06:13:13,2023-05-29 10:51:13,CLV 8M64,5
680,2022-03-21 08:57:36,2022-03-21 12:28:36,YHC 2598I,66
681,2022-09-13 23:36:33,2022-09-14 01:07:33,TXU 00L3,40
682,2022-12-31 21:56:26,2022-12-31 23:59:26,QWS 372BJ,20
683,2023-02-18 04:43:02,2023-02-18 05:49:02,BE 035ZW,97
684,2023-11-05 15:52:06,2023-11-05 19:49:06,UM 2XE10,88
685,2022-11-23 01:39:51,2022-11-23 03:14:51,KXK 7FR9,39
686,2022-09-06 15:46:48,2022-09-06 17:00:48,SEB 754TY,27
687,2022-03-17 21:44:47,2022-03-17 23:19:47,LT 39256,36
688,2023-05-14 10:25:10,2023-05-14 10:35:10,YLS X697,71
689,2023-08-13 02:27:14,2023-08-13 05:40:14,EQH 16E8,3
690,2022-06-01 15:47:36,2022-06-01 20:13:36,DQ 248YJ,69
691,2023-01-17 00:14:08,2023-01-17 00:29:08,BXM 48S7,56
692,2022-04-03 01:20:14,2022-04-03 02:48:14,TG 58727,55
693,2022-12-12 05:16:31,2022-12-12 08:37:31,KMO P825,78
694,2023-05-28 17:22:11,2023-05-28 17:47:11,ST 8479R,56
695,2023-05-10 19:27:16,2023-05-10 20:04:16,LT 39256,9
696,2022-09-24 14:47:53,2022-09-24 19:13:53,MA 1SW14,17
697,2022-03-17 22:09:39,2022-03-17 23:24:39,NIG 6EH2,61
698,2022-04-14 18:07:42,2022-04-14 22:37:42,ZYE 2I72,36
699,2023-04-02 15:22:08,2023-04-02 16:30:08,ST 8479R,18
700,2022-12-19 12:51:02,2022-12-19 13:09:02,EH 464YL,37
701,2023-10-11 12:14:41,2023-10-11 17:12:41,FQ 1LQ14,1
702,2023-06-27 22:49:29,2023-06-28 00:26:29,RG 0RL71,49
703,2023-03-26 08:30:45,2023-03-26 11:14:45,EQ 5YV89,30
704,2023-10-25 10:35:09,2023-10-25 11:35:09,QAG 30GG,50
705,2022-01-23 05:15:03,2022-01-23 07:26:03,EJ 10122,86
706,2023-12-02 19:53:07,2023-12-02 22:30:07,EH 464YL,25
707,2023-11-09 18:55:16,2023-11-09 22:22:16,QWS 372BJ,76
708,2022-01-26 08:21:20,2022-01-26 12:34:20,EVS 2142I,59
709,2023-09-28 12:40:27,2023-09-28 14:50:27,PMZ LE23,14
710,2022-05-15 11:18:27,2022-05-15 16:05:27,NNA 04852,80
711,2023-09-07 22:45:45,2023-09-07 23:40:45,QD 8HF20,76
712,2022-09-12 23:50:18,2022-09-13 00:18:18,DKG 1MH8,79
713,2023-02-20 02:04:00,2023-02-20 06:21:00,NA 77233,75
714,2022-12-20 03:14:02,2022-12-20 05:11:02,RF 7059G,91
715,2023-02-10 17:37:09,2023-02-10 19:31:09,WAE 0197T,17
716,2023-04-03 21:23:02,2023-04-03 23:12:02,DTK FR35,62
717,2023-10-09 08:33:20,2023-10-09 12:37:20,NKD 6UT4,22
718,2023-02-23 04:18:24,2023-02-23 09:16:24,FQ 3510X,4
719,2022-07-19 19:16:49,2022-07-19 22:07:49,FK 3PA12,28
720,2023-03-12 11:03:00,2023-03-12 15:11:00,EJ 10122,64
721,2022-03-07 02:26:05,2022-03-07 04:41:05,RF 7059G,95
722,2023-12-17 06:32:42,2023-12-17 08:01:42,KDS 980MJ,67
723,2022-10-07 14:48:10,2022-10-07 17:53:10,WJ 2PG16,88
724,2022-12-27 18:40:52,2022-12-27 22:43:52,OMK 0K34,42
725,2022-01-09 04:15:43,2022-01-09 07:50:43,KDS 980MJ,87
726,2022-05-01 15:23:41,2022-05-01 15:48:41,CLV 8M64,7
727,2022-06-10 07:44:52,2022-06-10 09:32:52,SZE 4Z37,50
728,2023-10-16 20:25:47,2023-10-17 00:23:47,QAG 30GG,45
729,2022-05-29 13:23:13,2022-05-29 17:59:13,KXK 7FR9,68
730,2022-11-01 03:14:08,2022-11-01 07:59:08,TG 58727,73
731,2023-07-15 01:10:25,2023-07-15 05:29:25,IOX SL81,64
732,2022-07-06 11:17:57,2022-07-06 13:18:57,DM 0C935,55
733,2023-08-08 10:23:19,2023-08-08 14:41:19,EXC 3JJ9,45
734,2022-09-29 12:05:03,2022-09-29 12:44:03,DQ 248YJ,34
735,2022-11-12 07:09:53,2022-11-12 07:39:53,YU 820UV,96
736,2022-10-03 02:58:23,2022-10-03 03:24:23,YHC 2598I,23
737,2022-02-21 13:00:18,2022-02-21 15:20:18,WJ 2PG16,26
738,2023-10-08 03:42:05,2023-10-08 08:19:05,DQ 248YJ,63
739,2022-05-07 18:15:52,2022-05-07 20:17:52,KMO P825,90
740,2023-07-30 06:47:15,2023-07-30 11:34:15,SPV 4211F,38
741,2023-07-31 00:12:12,2023-07-31 05:03:12,EXC 3JJ9,10
742,2022-03-07 22:18:06,2022-03-08 02:06:06,WSY 16757,97
743,2023-11-16 22:40:28,2023-11-16 23:18:28,AD 6869I,50
744,2022-04-12 02:07:12,2022-04-12 04:34:12,EE 6NZ73,58
745,2023-08-07 09:08:32,2023-08-07 10:41:32,CT 0G163,4
746,2022-04-24 13:57:57,2022-04-24 17:23:57,KXK 7FR9,49
747,2022-03-12 00:06:44,2022-03-12 01:43:44,FJU 4CD9,96
748,2023-05-22 21:01:05,2023-05-23 01:03:05,EQ 5YV89,84
749,2023-12-08 10:47:19,2023-12-08 15:46:19,XOJ 39684,82
750,2023-01-20 09:42:04,2023-01-20 14:00:04,DQ 248YJ,30
751,2023-03-06 05:54:10,2023-03-06 06:10:10,ROK 63JO,13
752,2023-11-10 22:13:14,2023-11-11 01:10:14,EW 739IC,55
753,2022-01-18 13:20:17,2022-01-18 17:17:17,WE 869ST,75
754,2023-05-12 23:09:05,2023-05-13 01:20:05,DKG 1MH8,6
755,2023-04-08 16:43:51,2023-04-08 20:23:51,MA 1SW14,71
756,2023-09-09 10:17:25,2023-09-09 14:48:25,AD 6869I,71
757,2023-03-27 14:20:32,2023-03-27 15:46:32,FQ 1LQ14,49
758,2022-01-30 21:18:27,2022-01-30 23:01:27,QWS 372BJ,97
759,2022-12-31 22:37:33,2023-01-01 00:17:33,EQ 5YV89,56
760,2022-07-12 16:29:01,2022-07-12 19:10:01,IOX SL81,45
761,2023-06-03 17:48:45,2023-06-03 21:49:45,YHC 2598I,19
762,2023-05-04 01:05:24,2023-05-04 03:43:24,SG 627OD,81
763,2022-01-09 11:32:39,2022-01-09 12:35:39,DM 0C935,35
764,2023-05-28 21:23:15,2023-05-28 22:28:15,ANZ TB24,6
765,2022-02-18 18:27:06,2022-02-18 20:14:06,TWJ 2C06,81
766,2022-10-11 01:18:16,2022-10-11 04:19:16,WL 2V338,17
767,2023-01-28 20:46:36,2023-01-28 22:56:36,YLS X697,56
768,2023-01-10 05:32:32,2023-01-10 09:43:32,ETJ 58N3,85
769,2023-08-11 02:16:26,2023-08-11 04:03:26,EQH 16E8,32
770,2023-12-10 01:01:06,2023-12-10 03:24:06,TWJ 2C06,27
771,2023-07-28 01:00:05,2023-07-28 05:43:05,FQ 3510X,20
772,2023-03-16 05:26:40,2023-03-16 08:08:40,KXK 7FR9,70
773,2023-10-28 23:58:17,2023-10-29 02:47:17,EVS 2142I,65
774,2023-07-11 19:27:23,2023-07-11 20:20:23,MD 3157B,72
775,2023-06-30 21:55:14,2023-06-30 23:52:14,WAE 0197T,86
776,2022-10-22 14:20:49,2022-10-22 18:01:49,PMZ LE23,87
777,2022-04-30 00:43:23,2022-04-30 03:45:23,EVS 2142I,59
778,2023-10-20 03:54:07,2023-10-20 04:52:07,TG 515KX,16
779,2022-02-07 02:05:53,2022-02-07 06:44:53,FHQ JD77,36
780,2023-05-16 18:05:25,2023-05-16 18:42:25,KXK 7FR9,91
781,2022-03-27 14:47:11,2022-03-27 18:00:11,TG 515KX,74
782,2022-05-21 18:09:32,2022-05-21 18:48:32,CU 5B574,6
783,2023-03-02 22:16:29,2023-03-02 23:24:29,PMZ LE23,85
784,2022-08-05 12:30:36,2022-08-05 13:12:36,LFD 2T76,68
785,2023-02-22 21:56:39,2023-02-22 23:04:39,UM 2XE10,78
786,2023-01-24 00:46:58,2023-01-24 03:42:58,OJX 21468,8
787,2023-11-16 14:36:00,2023-11-16 15:30:00,BH 423WF,16
788,2022-01-07 20:56:33,2022-01-07 22:07:33,SZE 4Z37,16
789,2023-08-21 22:12:18,2023-08-22 01:46:18,QWS 372BJ,79
790,2022-07-10 01:18:27,2022-07-10 03:34:27,EJ 10122,52
791,2023-08-21 08:52:28,2023-08-21 11:18:28,OJX 21468,51
792,2022-07-31 11:37:31,2022-07-31 11:59:31,EH 464YL,28
793,2023-03-06 22:17:44,2023-03-06 23:59:44,KDS 980MJ,77
794,2023-01-05 13:46:14,2023-01-05 18:21:14,LT 39256,33
795,2022-05-15 08:55:13,2022-05-15 13:39:13,FHQ JD77,10
796,2023-09-29 02:10:07,2023-09-29 03:15:07,KVF 8821N,70
797,2022-12-28 22:33:19,2022-12-29 00:32:19,UDE 5Z78,43
798,2022-01-13 12:32:05,2022-01-13 14:49:05,TG 58727,62
799,2023-08-02 08:22:46,2023-08-02 10:17:46,NNA 04852,54
800,2022-09-20 08:03:27,2022-09-20 08:57:27,AD 6869I,13
801,2022-02-27 09:54:16,2022-02-27 10:39:16,DM 0C935,7
802,2022-04-18 06:11:32,2022-04-18 06:51:32,NM 610LL,39
803,2022-01-06 04:50:33,2022-01-06 06:14:33,CLV 8M64,64
804,2022-01-08 16:56:35,2022-01-08 19:04:35,KVF 8821N,95
805,2023-09-13 00:10:31,2023-09-13 02:39:31,SG 627OD,82
806,2022-10-18 01:05:15,2022-10-18 02:30:15,MR 25334,11
807,2022-10-24 02:06:54,2022-10-24 06:04:54,RF 7059G,80
808,2023-09-19 21:20:00,2023-09-19 22:36:00,VRI 2GV9,93
809,2022-12-13 22:10:57,2022-12-14 01:17:57,SEB 754TY,36
810,2023-04-03 18:07:16,2023-04-03 18:27:16,WSY 16757,31
811,2023-07-06 14:23:26,2023-07-06 15:45:26,CT 0G163,53
812,2022-09-07 08:41:55,2022-09-07 12:19:55,KXK 7FR9,90
813,2023-09-19 10:31:05,2023-09-19 14:23:05,FJU 4CD9,45
814,2023-09-27 06:14:45,2023-09-27 10:19:45,FK 3PA12,74
815,2023-05-25 07:52:51,2023-05-25 08:23:51,QD 8HF20,61
816,2022-03-07 21:44:14,2022-03-07 23:30:14,YU 820UV,82
817,2022-12-30 02:15:34,2022-12-30 04:51:34,LT 39256,33
818,2023-04-17 20:48:14,2023-04-17 20:59:14,KVF 8821N,6
819,2022-06-26 01:04:43,2022-06-26 05:19:43,SG 627OD,49
820,2023-10-02 09:35:21,2023-10-02 14:29:21,EE 6NZ73,67
821,2022-09-17 13:51:34,2022-09-17 17:44:34,WL 2V338,19
822,2023-09-05 10:15:15,2023-09-05 10:44:15,NNA 04852,22
823,2023-01-24 08:04:03,2023-01-24 12:29:03,DKG 1MH8,44
824,2022-01-04 17:48:18,2022-01-04 19:39:18,NKD 6UT4,72
825,2022-11-30 02:26:35,2022-11-30 06:56:35,BE 035ZW,75
826,2023-04-09 06:28:21,2023-04-09 07:33:21,SEB 754TY,10
827,2022-06-09 01:21:18,2022-06-09 03:57:18,FQ 3510X,34
828,2022-11-18 05:26:15,2022-11-18 09:31:15,QAG 30GG,27
829,2023-02-28 01:04:38,2023-02-28 03:43:38,WG 766VP,4
830,2023-04-20 21:40:52,2023-04-20 22:58:52,TXU 00L3,59
831,2023-04-21 10:43:23,2023-04-21 13:31:23,EWG 5566J,98
832,2023-06-06 04:45:56,2023-06-06 05:09:56,TG 58727,39
833,2022-05-20 20:23:32,2022-05-21 01:11:32,ZYE 2I72,78
834,2022-12-09 07:40:25,2022-12-09 08:00:25,ETJ 58N3,53
835,2022-07-11 13:21:10,2022-07-11 18:20:10,NL 8759E,81
836,2023-09-10 10:49:58,2023-09-10 14:19:58,SJ 69032,8
837,2023-09-21 23:13:30,2023-09-22 03:15:30,PAP 2N46,92
838,2022-12-22 09:34:33,2022-12-22 12:41:33,SJ 69032,77
839,2022-11-09 23:15:31,2022-11-10 00:16:31,EE 6NZ73,31
840,2023-01-02 04:07:47,2023-01-02 05:04:47,QZX 48MB,47
841,2023-02-04 17:08:42,2023-02-04 21:33:42,AD 6869I,20
842,2023-08-04 11:14:54,2023-08-04 16:05:54,XOM 430HV,88
843,2023-10-17 02:27:51,2023-10-17 03:41:51,EW 739IC,44
844,2022-11-07 07:56:43,2022-11-07 12:24:43,GQ 99616,49
845,2023-01-08 19:20:51,2023-01-08 19:37:51,YHC 2598I,40
846,2023-05-21 18:19:32,2023-05-21 19:42:32,EQ 5YV89,41
847,2023-12-05 06:45:26,2023-12-05 09:39:26,EQH 16E8,65
848,2022-11-27 07:17:55,2022-11-27 10:11:55,HSX 0Q24,40
849,2022-05-27 11:29:59,2022-05-27 13:02:59,RG 0RL71,32
850,2022-08-28 07:42:20,2022-08-28 11:39:20,LJE 45111,77
851,2022-09-15 10:38:03,2022-09-15 13:19:03,EVS 2142I,96
852,2023-01-06 08:27:22,2023-01-06 12:26:22,BE 035ZW,42
853,2023-01-02 05:24:18,2023-01-02 09:19:18,AD 6869I,39
854,2023-10-28 19:22:25,2023-10-28 23:45:25,WEQ 18P7,28
855,2022-12-28 15:33:08,2022-12-28 20:28:08,YU 820UV,15
856,2022-04-14 08:11:57,2022-04-14 09:14:57,PJ 6701U,90
857,2022-10-04 16:06:15,2022-10-04 19:34:15,IBB 2J19,68
858,2023-10-08 09:07:55,2023-10-08 11:05:55,IBB 2J19,13
859,2022-11-09 22:52:46,2022-11-10 00:09:46,SZE 4Z37,32
860,2023-01-31 21:09:21,2023-02-01 00:13:21,FQ 3510X,37
861,2023-01-26 23:29:24,2023-01-27 01:16:24,CLV 8M64,41
862,2023-03-28 23:08:56,2023-03-29 03:42:56,RF 7059G,16
863,2023-07-08 02:46:38,2023-07-08 03:15:38,XOM 430HV,33
864,2023-02-08 13:37:41,2023-02-08 17:28:41,ULO 9G37,22
865,2022-06-11 02:34:14,2022-06-11 03:39:14,FQ 3510X,81
866,2023-04-12 21:44:28,2023-04-12 22:37:28,ULO 9G37,50
867,2022-09-17 02:41:48,2022-09-17 04:33:48,WL 2V338,24
868,2023-01-06 09:26:46,2023-01-06 12:19:46,YLS X697,62
869,2023-11-25 21:37:45,2023-11-25 23:44:45,SJ 69032,42
870,2022-12-12 15:43:27,2022-12-12 16:54:27,RZG E322,21
871,2022-03-21 19:46:17,2022-03-21 23:48:17,MA 1SW14,73
872,2023-11-10 02:52:15,2023-11-10 04:35:15,WAE 0197T,94
873,2023-08-20 11:25:00,2023-08-20 15:29:00,NA 77233,64
874,2023-04-29 17:17:46,2023-04-29 18:47:46,WJ 2PG16,26
875,2022-08-10 16:58:44,2022-08-10 21:09:44,JL 5GW33,74
876,2023-11-30 18:00:36,2023-11-30 19:18:36,EJ 10122,71
877,2023-07-22 19:34:57,2023-07-23 00:06:57,ST 8479R,60
878,2023-10-07 19:45:36,2023-10-07 23:52:36,FSC 4303M,99
879,2023-10-22 05:57:06,2023-10-22 07:34:06,OJX 21468,76
880,2022-12-31 13:49:14,2022-12-31 18:17:14,KVF 8821N,51
881,2022-05-17 18:02:05,2022-05-17 20:20:05,JFJ 20HO,48
882,2022-07-27 01:14:05,2022-07-27 03:47:05,EWG 5566J,45
883,2023-10-21 08:52:18,2023-10-21 11:32:18,DM 0C935,72
884,2022-06-18 08:17:58,2022-06-18 13:13:58,FHQ JD77,68
885,2022-05-07 23:39:05,2022-05-08 01:12:05,WL 2V338,16
886,2023-11-02 22:15:08,2023-11-02 22:26:08,FHQ JD77,36
887,2022-12-22 05:20:08,2022-12-22 07:00:08,JFJ 20HO,66
888,2023-02-24 06:14:04,2023-02-24 08:16:04,NIG 6EH2,83
889,2022-10-10 07:49:35,2022-10-10 09:07:35,ZXN 178JJ,35
890,2022-02-13 19:42:11,2022-02-13 23:16:11,LFD 2T76,28
891,2023-04-06 07:50:37,2023-04-06 09:18:37,QAG 30GG,35
892,2023-01-24 14:38:13,2023-01-24 15:04:13,RZG E322,26
893,2022-07-20 13:13:41,2022-07-20 17:36:41,EH 464YL,11
894,2023-02-09 14:08:51,2023-02-09 17:04:51,KXK 7FR9,43
895,2023-12-23 01:37:57,2023-12-23 05:31:57,FQ 1LQ14,20
896,2022-11-07 04:16:16,2022-11-07 05:54:16,CUU 820FA,30
897,2022-08-05 23:24:56,2022-08-06 03:36:56,VRI 2GV9,85
898,2022-01-21 21:29:23,2022-01-21 23:40:23,VRI 2GV9,43
899,2022-08-29 15:49:31,2022-08-29 19:24:31,ST 8479R,75
900,2023-02-26 22:38:38,2023-02-27 01:05:38,LJE 45111,59
901,2023-03-29 23:02:58,2023-03-30 00:23:58,PJ 6701U,59
902,2023-01-10 07:13:40,2023-01-10 10:46:40,RG 0RL71,90
903,2022-06-10 11:03:33,2022-06-10 15:31:33,NNA 04852,43
904,2022-08-12 22:38:12,2022-08-13 01:26:12,FJU 4CD9,94
905,2022-07-15 15:11:32,2022-07-15 18:41:32,FJU 4CD9,47
906,2022-08-18 02:31:05,2022-08-18 06:29:05,SEB 754TY,33
907,2022-01-22 03:06:14,2022-01-22 07:56:14,NNA 04852,8
908,2023-03-16 21:08:50,2023-03-17 01:01:50,EWG 5566J,72
909,2023-01-22 00:16:01,2023-01-22 02:11:01,QAG 30GG,71
910,2022-03-03 10:26:31,2022-03-03 15:16:31,IBB 2J19,22
911,2023-01-23 01:55:52,2023-01-23 05:22:52,DKG 1MH8,32
912,2022-09-03 02:47:03,2022-09-03 04:25:03,NNA 04852,17
913,2023-12-14 06:22:18,2023-12-14 09:37:18,JFJ 20HO,39
914,2022-07-03 00:55:56,2022-07-03 05:25:56,FSC 4303M,76
915,2023-12-24 09:55:54,2023-12-24 14:22:54,GQ 99616,54
916,2023-02-22 13:06:01,2023-02-22 17:19:01,NIG 6EH2,89
917,2023-08-23 21:13:33,2023-08-23 21:44:33,SG 627OD,27
918,2023-12-27 14:58:12,2023-12-27 19:47:12,LFD 2T76,31
919,2022-09-29 21:54:24,2022-09-30 00:10:24,WL 2V338,3
920,2023-04-10 21:15:17,2023-04-10 23:21:17,EXC 3JJ9,81
921,2022-12-25 05:41:49,2022-12-25 06:32:49,NNA 04852,40
922,2022-08-19 02:07:21,2022-08-19 03:15:21,CU 5B574,61
923,2023-03-30 10:05:50,2023-03-30 15:03:50,PJ 6701U,18
924,2023-07-28 09:31:30,2023-07-28 12:58:30,SJ 69032,29
925,2023-08-13 01:22:01,2023-08-13 06:19:01,FQ 3510X,84
926,2023-09-05 10:13:15,2023-09-05 11:56:15,QQK 4886I,35
927,2022-04-11 02:27:35,2022-04-11 04:31:35,KMO P825,1
928,2022-01-24 23:34:16,2022-01-25 01:56:16,QD 8HF20,4
929,2023-07-23 19:07:42,2023-07-23 23:49:42,IBB 2J19,49
930,2023-07-27 14:29:37,2023-07-27 19:09:37,EQ 5YV89,34
931,2023-08-24 06:35:06,2023-08-24 11:05:06,SEB 754TY,95
932,2023-08-10 04:16:00,2023-08-10 05:34:00,ULO 9G37,64
933,2023-07-15 11:07:01,2023-07-15 13:31:01,NA 77233,27
934,2023-07-18 14:59:56,2023-07-18 16:21:56,PAP 2N46,60
935,2023-05-18 00:30:06,2023-05-18 02:21:06,EW 739IC,17
936,2023-08-27 06:21:25,2023-08-27 06:38:25,LJE 45111,0
937,2022-04-25 07:35:01,2022-04-25 11:50:01,KXK 7FR9,36
938,2023-11-08 15:55:22,2023-11-08 20:21:22,FAC 74000,36
939,2023-09-13 18:59:11,2023-09-13 20:16:11,GQ 99616,35
940,2023-04-08 22:12:41,2023-04-08 23:51:41,NNA 04852,99
941,2023-01-13 18:15:18,2023-01-13 22:24:18,SCZ 1F62,2
942,2022-09-03 09:20:45,2022-09-03 10:09:45,ANZ TB24,62
943,2023-02-19 03:03:11,2023-02-19 05:53:11,NIG 6EH2,25
944,2022-09-26 12:37:13,2022-09-26 15:16:13,NNA 04852,83
945,2023-12-07 15:37:21,2023-12-07 16:14:21,CLV 8M64,62
946,2023-07-24 01:17:03,2023-07-24 03:03:03,WEQ 18P7,0
947,2023-11-11 00:24:29,2023-11-11 04:21:29,CUU 820FA,69
948,2022-06-06 06:00:58,2022-06-06 10:52:58,QQK 4886I,77
949,2022-06-20 03:34:02,2022-06-20 05:23:02,IBB 2J19,90
950,2022-12-21 00:12:15,2022-12-21 04:13:15,BE 035ZW,23
951,2023-02-20 02:22:30,2023-02-20 05:32:30,ST 8479R,39
952,2023-04-19 04:11:51,2023-04-19 06:28:51,TG 515KX,64
953,2023-05-14 21:21:51,2023-05-15 01:21:51,NL 8759E,94
954,2022-08-15 23:25:52,2022-08-15 23:39:52,WG 766VP,88
955,2023-03-14 09:33:15,2023-03-14 13:29:15,CU 5B574,34
956,2023-04-21 05:02:41,2023-04-21 08:50:41,KVF 8821N,33
957,2022-09-03 20:46:46,2022-09-03 23:57:46,SEB 754TY,58
958,2022-10-16 02:59:54,2022-10-16 03:41:54,WL 2V338,97
959,2023-09-29 18:13:44,2023-09-29 19:17:44,OMK 0K34,35
960,2022-10-20 02:03:39,2022-10-20 06:10:39,JM 81413,69
961,2022-04-03 00:56:47,2022-04-03 02:07:47,EQH 16E8,4
962,2023-01-18 22:07:11,2023-01-19 01:55:11,JFJ 20HO,25
963,2023-11-29 06:54:00,2023-11-29 11:48:00,QAG 30GG,24
964,2023-03-23 02:10:52,2023-03-23 05:56:52,PAP 2N46,30
965,2023-11-03 15:40:22,2023-11-03 19:47:22,ZYE 2I72,59
966,2023-07-01 23:58:34,2023-07-02 02:55:34,EW 739IC,82
967,2023-09-19 20:34:08,2023-09-19 20:54:08,CLV 8M64,7
968,2022-06-04 22:35:09,2022-06-04 22:53:09,ZYE 2I72,24
969,2022-09-09 11:06:00,2022-09-09 15:33:00,EVS 2142I,3
970,2022-04-01 18:15:55,2022-04-01 20:26:55,TG 515KX,55
971,2022-07-02 15:21:15,2022-07-02 17:55:15,WG 766VP,4
972,2022-11-18 18:12:48,2022-11-18 22:10:48,XOM 430HV,0
973,2022-05-21 10:05:29,2022-05-21 13:26:29,CUU 820FA,66
974,2023-02-13 14:13:42,2023-02-13 16:28:42,CLV 8M64,4
975,2023-01-01 12:10:03,2023-01-01 12:51:03,TG 515KX,87
976,2022-09-22 22:05:51,2022-09-22 23:25:51,SG 627OD,31
977,2023-04-06 13:23:16,2023-04-06 16:18:16,MA 1SW14,78
978,2023-09-28 06:33:13,2023-09-28 10:44:13,SJ 69032,10
979,2023-05-31 19:57:05,2023-05-31 22:14:05,TXU 00L3,98
980,2023-02-12 03:04:22,2023-02-12 04:40:22,OJX 21468,51
981,2022-03-28 09:27:38,2022-03-28 11:11:38,KDS 980MJ,12
982,2022-06-02 05:54:38,2022-06-02 10:17:38,WG 766VP,74
983,2023-09-24 01:01:01,2023-09-24 03:29:01,DKG 1MH8,57
984,2022-08-05 23:01:25,2022-08-06 01:56:25,NIG 6EH2,99
985,2023-06-02 04:12:21,2023-06-02 07:28:21,YLS X697,44
986,2022-09-08 05:17:42,2022-09-08 05:50:42,BH 423WF,9
987,2022-02-10 09:55:43,2022-02-10 11:49:43,OJX 21468,11
988,2023-10-01 05:11:07,2023-10-01 07:44:07,SZE 4Z37,51
989,2023-03-09 11:29:15,2023-03-09 11:49:15,WE 869ST,4
990,2022-01-30 02:49:00,2022-01-30 06:57:00,JFJ 20HO,30
991,2022-12-19 23:47:31,2022-12-20 00:17:31,QD 8HF20,69
992,2022-01-08 11:08:34,2022-01-08 13:42:34,NNA 04852,93
993,2023-08-30 22:29:16,2023-08-30 22:46:16,SJ 69032,87
994,2022-12-09 15:52:59,2022-12-09 18:34:59,WL 2V338,0
995,2022-08-11 13:36:38,2022-08-11 14:49:38,SEB 754TY,87
996,2022-06-26 22:54:08,2022-06-27 00:47:08,KXK 7FR9,8
997,2023-06-24 00:09:31,2023-06-24 04:53:31,NM 610LL,51
998,2022-04-02 07:18:28,2022-04-02 09:16:28,LT 39256,48
999,2022-06-23 18:29:50,2022-06-23 20:20:50,IOX SL81,80
1000,2023-09-24 20:44:10,2023-09-25 00:22:10,VRI 2GV9,64
1001,2022-04-17 23:49:05,2022-04-18 04:09:05,TXU 00L3,55
1002,2023-01-29 21:53:06,2023-01-30 01:39:06,DKG 1MH8,74
1003,2022-02-14 05:05:43,2022-02-14 07:09:43,NA 77233,25
1004,2023-10-01 15:32:24,2023-10-01 20:06:24,UM 2XE10,39
1005,2023-06-09 07:24:14,2023-06-09 08:40:14,QQK 4886I,80
1006,2022-07-24 06:22:27,2022-07-24 07:18:27,BE 035ZW,23
1007,2023-05-24 19:03:25,2023-05-24 20:19:25,SCZ 1F62,1
1008,2023-10-20 17:55:29,2023-10-20 20:09:29,RF 7059G,0
1009,2023-02-08 17:15:20,2023-02-08 20:41:20,NA 77233,27
1010,2022-09-16 18:55:31,2022-09-16 22:26:31,GQ 99616,56
1011,2023-11-16 13:15:59,2023-11-16 15:16:59,XOJ 39684,95
1012,2022-02-08 23:27:20,2022-02-09 03:20:20,CU 5B574,104
1013,2023-02-16 21:10:32,2023-02-17 00:34:32,AD 6869I,62
1014,2023-09-17 21:32:19,2023-09-17 23:50:19,SZE 4Z37,96
1015,2022-04-03 06:48:02,2022-04-03 07:54:02,JM 81413,41
1016,2023-10-02 07:24:42,2023-10-02 08:22:42,JL 5GW33,26
1017,2023-11-30 09:39:03,2023-11-30 12:50:03,PAP 2N46,66
1018,2022-06-20 11:11:12,2022-06-20 12:33:12,YU 820UV,79
1019,2023-01-12 07:55:57,2023-01-12 12:51:57,DKG 1MH8,100
1020,2023-06-29 16:12:36,2023-06-29 20:32:36,CT 0G163,102
1021,2022-09-01 02:54:28,2022-09-01 07:43:28,CU 5B574,102
1022,2023-06-18 10:55:47,2023-06-18 15:10:47,IG 65625,42
1023,2022-06-20 04:32:33,2022-06-20 06:04:33,FAC 74000,104
1024,2022-10-30 00:36:47,2022-10-30 02:16:47,OB 03387,10
1025,2022-04-25 09:26:14,2022-04-25 13:56:14,FQ 1LQ14,50
1026,2022-02-08 06:24:39,2022-02-08 08:57:39,EQ 5YV89,16
1027,2023-07-10 01:54:23,2023-07-10 04:25:23,WAE 0197T,59
1028,2023-04-05 01:03:40,2023-04-05 01:38:40,PMZ LE23,106
1029,2022-05-08 07:10:02,2022-05-08 09:41:02,FK 3PA12,12
1030,2022-11-30 15:09:18,2022-11-30 15:29:18,NA 77233,70
1031,2022-05-28 19:48:27,2022-05-28 20:05:27,KXK 7FR9,30
1032,2023-04-29 09:21:38,2023-04-29 13:39:38,SCZ 1F62,39
1033,2022-06-20 21:58:04,2022-06-21 00:27:04,BH 423WF,88
1034,2023-12-15 02:29:47,2023-12-15 06:29:47,FHQ JD77,104
1035,2022-01-02 05:48:04,2022-01-02 09:43:04,TG 58727,106
1036,2022-11-09 03:55:28,2022-11-09 05:55:28,DQ 248YJ,31
1037,2023-06-12 07:31:05,2023-06-12 10:17:05,EW 739IC,96
1038,2023-07-22 22:16:41,2023-07-23 02:20:41,CU 5B574,14
1039,2023-08-01 15:25:13,2023-08-01 19:58:13,OJX 21468,21
1040,2022-03-25 13:08:50,2022-03-25 17:11:50,NA 77233,31
1041,2023-10-05 23:03:52,2023-10-05 23:14:52,FAC 74000,78
1042,2023-11-08 03:35:59,2023-11-08 06:37:59,KIH 4306U,40
1043,2022-02-13 09:09:57,2022-02-13 13:45:57,BH 423WF,76
1044,2022-08-23 18:17:35,2022-08-23 18:47:35,WG 766VP,32
1045,2023-06-24 21:37:20,2023-06-24 22:15:20,PAP 2N46,62
1046,2022-02-27 11:50:08,2022-02-27 12:59:08,KVF 8821N,61
1047,2022-09-04 22:37:09,2022-09-05 02:36:09,IMV 8YP1,42
1048,2022-02-17 04:36:21,2022-02-17 05:18:21,VRI 2GV9,29
1049,2023-03-25 13:59:16,2023-03-25 15:59:16,MD 3157B,76
1050,2023-10-07 01:19:33,2023-10-07 01:57:33,JM 81413,105
1051,2022-04-30 03:32:15,2022-04-30 06:12:15,AE 792GX,9
1052,2023-07-09 22:40:20,2023-07-10 01:29:20,SEB 754TY,33
1053,2023-02-07 07:06:14,2023-02-07 09:32:14,EW 739IC,11
1054,2022-06-16 02:03:19,2022-06-16 02:58:19,JFJ 20HO,26
1055,2023-05-06 06:28:32,2023-05-06 10:33:32,FJU 4CD9,109
1056,2023-11-30 18:28:11,2023-11-30 18:40:11,IOX SL81,16
1057,2022-09-18 13:48:32,2022-09-18 15:36:32,MR 25334,7
1058,2022-08-06 12:43:50,2022-08-06 14:04:50,KVF 8821N,83
1059,2022-09-20 10:46:56,2022-09-20 12:26:56,WG 766VP,106
1060,2023-03-22 04:23:39,2023-03-22 04:46:39,NA 77233,10
1061,2023-04-03 14:27:12,2023-04-03 15:04:12,ON 97525,83
1062,2022-03-17 16:08:59,2022-03-17 19:06:59,FQ 1LQ14,55
1063,2022-02-13 00:20:06,2022-02-13 02:52:06,LFD 2T76,13
1064,2022-04-04 23:05:51,2022-04-05 02:09:51,FJU 4CD9,59
1065,2022-04-20 16:25:06,2022-04-20 21:21:06,EH 464YL,37
1066,2023-12-04 07:05:25,2023-12-04 09:42:25,TFP ZV69,55
1067,2023-12-17 14:21:17,2023-12-17 18:33:17,DKG 1MH8,38
1068,2023-11-21 14:58:28,2023-11-21 15:42:28,FHQ JD77,2
1069,2022-02-02 02:03:32,2022-02-02 06:45:32,FQ 3510X,107
1070,2023-08-12 21:30:26,2023-08-13 02:15:26,WL 2V338,9
1071,2023-07-15 19:50:57,2023-07-15 20:34:57,NKD 6UT4,41
1072,2023-06-26 10:53:28,2023-06-26 13:19:28,KDS 980MJ,35
1073,2022-07-10 06:01:29,2022-07-10 07:40:29,CLV 8M64,77
1074,2023-03-28 06:27:27,2023-03-28 07:42:27,LJE 45111,29
1075,2022-12-27 17:01:54,2022-12-27 19:48:54,TWJ 2C06,47
1076,2022-11-02 07:22:16,2022-11-02 07:47:16,NA 77233,93
1077,2022-01-01 20:46:43,2022-01-02 00:35:43,IBB 2J19,21
1078,2023-06-12 05:03:33,2023-06-12 07:58:33,MV 9NU07,37
1079,2022-06-06 03:43:50,2022-06-06 08:18:50,ON 97525,22
1080,2023-05-12 00:48:06,2023-05-12 03:27:06,XOJ 39684,102
1081,2023-06-15 01:25:55,2023-06-15 03:58:55,XOM 430HV,47
1082,2022-05-23 06:26:39,2022-05-23 07:26:39,MA 5937A,96
1083,2022-11-13 07:13:42,2022-11-13 09:07:42,CT 0G163,11
1084,2023-09-01 00:06:13,2023-09-01 04:58:13,LT 39256,97
1085,2022-06-21 00:28:40,2022-06-21 05:06:40,KVF 8821N,80
1086,2023-01-06 02:23:14,2023-01-06 05:10:14,SJ 69032,68
1087,2023-01-26 09:07:41,2023-01-26 13:42:41,UDE 5Z78,44
1088,2022-10-20 13:48:30,2022-10-20 16:25:30,PMZ LE23,95
1089,2022-02-11 09:13:00,2022-02-11 13:33:00,TFP ZV69,47
1090,2022-04-02 17:38:53,2022-04-02 18:44:53,DM 0C935,95
1091,2023-07-20 17:00:20,2023-07-20 17:55:20,YU 820UV,31
1092,2023-02-11 20:55:41,2023-02-12 01:20:41,DQ 248YJ,60
1093,2022-12-25 18:40:44,2022-12-25 22:37:44,RF 7059G,38
1094,2023-07-20 23:55:40,2023-07-21 03:15:40,LT 39256,5
1095,2023-04-11 15:06:13,2023-04-11 18:19:13,FQ 1LQ14,106
1096,2022-06-02 00:33:14,2022-06-02 01:37:14,WG 766VP,51
1097,2022-12-14 04:45:00,2022-12-14 07:50:00,QD 8HF20,73
1098,2023-05-15 02:28:17,2023-05-15 04:04:17,EVS 2142I,58
1099,2023-07-15 01:40:54,2023-07-15 04:10:54,QD 8HF20,74
