number,rent_id,date,currency,total_price,description
0,999,2017-05-01,pln,1432.4231226297043,Car Renting for 2017-05-01
1,998,2016-08-11,pln,528.9820328534806,Car Renting for 2016-08-11
2,997,2016-12-18,pln,303.43134553468053,Car Renting for 2016-12-18
3,996,2019-06-23,pln,993.0653041887185,Car Renting for 2019-06-23
4,995,2017-03-10,pln,708.8827275906146,Car Renting for 2017-03-10
5,994,2018-10-01,pln,220.2058011517521,Car Renting for 2018-10-01
6,993,2019-01-03,pln,1034.640416862531,Car Renting for 2019-01-03
7,992,2019-02-01,pln,307.292798100732,Car Renting for 2019-02-01
8,991,2016-03-01,pln,2308.1908321898172,Car Renting for 2016-03-01
9,990,2016-02-13,pln,208.64344859110196,Car Renting for 2016-02-13
10,989,2019-08-21,pln,563.2900958584377,Car Renting for 2019-08-21
11,988,2016-10-05,pln,1872.1820239483518,Car Renting for 2016-10-05
12,987,2016-09-14,pln,1705.970145150169,Car Renting for 2016-09-14
13,986,2017-02-23,pln,2016.6654709984252,Car Renting for 2017-02-23
14,985,2016-09-28,pln,519.8600688382822,Car Renting for 2016-09-28
15,984,2019-04-04,pln,371.63218726838227,Car Renting for 2019-04-04
16,983,2019-07-13,pln,173.56123825662212,Car Renting for 2019-07-13
17,982,2018-08-19,pln,735.9691639151062,Car Renting for 2018-08-19
18,981,2017-03-22,pln,97.71361673422606,Car Renting for 2017-03-22
19,980,2018-06-21,pln,2143.0472966642774,Car Renting for 2018-06-21
20,979,2018-05-13,pln,517.2549683213499,Car Renting for 2018-05-13
21,978,2019-10-22,pln,556.9060650381099,Car Renting for 2019-10-22
22,977,2018-09-30,pln,374.0210534535121,Car Renting for 2018-09-30
23,976,2016-01-15,pln,986.1807423626192,Car Renting for 2016-01-15
24,975,2019-06-06,pln,1242.3323536575058,Car Renting for 2019-06-06
25,974,2019-02-26,pln,421.56653991866,Car Renting for 2019-02-26
26,973,2016-11-09,pln,63.44632694252033,Car Renting for 2016-11-09
27,972,2019-09-24,pln,761.6935508440113,Car Renting for 2019-09-24
28,971,2016-02-23,pln,1050.2958227130503,Car Renting for 2016-02-23
29,970,2017-01-28,pln,840.227206381668,Car Renting for 2017-01-28
30,969,2017-10-18,pln,55.92789189568302,Car Renting for 2017-10-18
31,968,2017-12-27,pln,2469.3670855427117,Car Renting for 2017-12-27
32,967,2018-09-30,pln,1020.0618537702624,Car Renting for 2018-09-30
33,966,2016-10-13,pln,1020.2453150586441,Car Renting for 2016-10-13
34,965,2017-04-01,pln,1158.1216407399575,Car Renting for 2017-04-01
35,964,2016-10-23,pln,86.73069252241962,Car Renting for 2016-10-23
36,963,2016-06-28,pln,228.3479170821746,Car Renting for 2016-06-28
37,962,2019-12-15,pln,1285.8140195532933,Car Renting for 2019-12-15
38,961,2018-05-24,pln,1145.5474643732373,Car Renting for 2018-05-24
39,960,2019-01-29,pln,725.2574643792697,Car Renting for 2019-01-29
40,959,2018-03-18,pln,445.7453039691615,Car Renting for 2018-03-18
41,958,2016-02-24,pln,47.83061733271198,Car Renting for 2016-02-24
42,957,2016-08-22,pln,1669.0351075574727,Car Renting for 2016-08-22
43,956,2016-04-21,pln,189.75953467762253,Car Renting for 2016-04-21
44,955,2016-02-21,pln,62.77756391431332,Car Renting for 2016-02-21
45,954,2019-05-05,pln,469.3727110979437,Car Renting for 2019-05-05
46,953,2019-06-19,pln,950.216694588878,Car Renting for 2019-06-19
47,952,2016-05-06,pln,758.5815595489448,Car Renting for 2016-05-06
48,951,2018-07-16,pln,1360.9274325567912,Car Renting for 2018-07-16
49,950,2016-01-02,pln,738.7903643135365,Car Renting for 2016-01-02
50,949,2018-03-29,pln,608.7644383511368,Car Renting for 2018-03-29
51,948,2019-08-23,pln,679.662113910325,Car Renting for 2019-08-23
52,947,2019-01-26,pln,444.85165444463087,Car Renting for 2019-01-26
53,946,2017-03-02,pln,1031.8497645578711,Car Renting for 2017-03-02
54,945,2017-02-03,pln,995.5476695806444,Car Renting for 2017-02-03
55,944,2018-04-21,pln,282.14967340387835,Car Renting for 2018-04-21
56,943,2017-04-16,pln,1839.113547650807,Car Renting for 2017-04-16
57,942,2018-03-25,pln,4.2580105485142,Car Renting for 2018-03-25
58,941,2019-08-08,pln,1004.8306581849125,Car Renting for 2019-08-08
59,940,2017-06-21,pln,1245.6173715385812,Car Renting for 2017-06-21
60,939,2016-05-06,pln,746.4911619632478,Car Renting for 2016-05-06
61,938,2019-09-08,pln,68.58631021543046,Car Renting for 2019-09-08
62,937,2016-06-18,pln,171.50102599270934,Car Renting for 2016-06-18
63,936,2016-06-21,pln,460.2450619275192,Car Renting for 2016-06-21
64,935,2016-04-17,pln,683.3412808914798,Car Renting for 2016-04-17
65,934,2017-10-11,pln,798.2022752579298,Car Renting for 2017-10-11
66,933,2018-11-15,pln,1594.4164926220665,Car Renting for 2018-11-15
67,932,2016-04-24,pln,380.41811995313196,Car Renting for 2016-04-24
68,931,2016-01-01,pln,1132.421222322418,Car Renting for 2016-01-01
69,930,2017-04-10,pln,1850.823710611251,Car Renting for 2017-04-10
70,929,2018-05-04,pln,1477.4196603348419,Car Renting for 2018-05-04
71,928,2016-08-19,pln,666.3412153534955,Car Renting for 2016-08-19
72,927,2016-12-06,pln,1176.7137651356163,Car Renting for 2016-12-06
73,926,2019-01-07,pln,526.7212565756441,Car Renting for 2019-01-07
74,925,2018-03-09,pln,1423.0399533897819,Car Renting for 2018-03-09
75,924,2016-11-10,pln,641.838155002579,Car Renting for 2016-11-10
76,923,2016-12-22,pln,88.27985698393752,Car Renting for 2016-12-22
77,922,2019-12-22,pln,385.52538586293804,Car Renting for 2019-12-22
78,921,2016-12-18,pln,916.4052031871963,Car Renting for 2016-12-18
79,920,2019-09-30,pln,6.808044564799887,Car Renting for 2019-09-30
80,919,2016-09-17,pln,38.22609639553867,Car Renting for 2016-09-17
81,918,2017-05-06,pln,1346.2961018106153,Car Renting for 2017-05-06
82,917,2019-04-20,pln,338.2281342022608,Car Renting for 2019-04-20
83,916,2018-03-07,pln,183.94563237586257,Car Renting for 2018-03-07
84,915,2019-06-18,pln,53.02748100465374,Car Renting for 2019-06-18
85,914,2019-09-21,pln,309.16728509066564,Car Renting for 2019-09-21
86,913,2016-04-04,pln,41.19613409975892,Car Renting for 2016-04-04
87,912,2017-05-08,pln,2065.310920045077,Car Renting for 2017-05-08
88,911,2019-10-26,pln,187.42544698603177,Car Renting for 2019-10-26
89,910,2016-05-09,pln,228.7359332103584,Car Renting for 2016-05-09
90,909,2016-10-05,pln,24.972508155655287,Car Renting for 2016-10-05
91,908,2017-02-09,pln,16.47121702891947,Car Renting for 2017-02-09
92,907,2019-03-04,pln,1868.6720043139828,Car Renting for 2019-03-04
93,906,2019-09-21,pln,652.3768370222292,Car Renting for 2019-09-21
94,905,2018-05-19,pln,286.12301118316026,Car Renting for 2018-05-19
95,904,2017-10-22,pln,1331.3538534138718,Car Renting for 2017-10-22
96,903,2019-11-07,pln,962.2053937633733,Car Renting for 2019-11-07
97,902,2018-01-04,pln,2108.081666896161,Car Renting for 2018-01-04
98,901,2016-06-05,pln,152.86309654830282,Car Renting for 2016-06-05
99,900,2019-11-20,pln,1088.1618286411638,Car Renting for 2019-11-20
100,899,2017-02-25,pln,870.5890832845032,Car Renting for 2017-02-25
101,898,2016-12-25,pln,581.472234323263,Car Renting for 2016-12-25
102,897,2019-09-07,pln,754.7555251206547,Car Renting for 2019-09-07
103,896,2017-12-15,pln,1423.4896040508522,Car Renting for 2017-12-15
104,895,2018-03-10,pln,678.6133183593026,Car Renting for 2018-03-10
105,894,2019-10-15,pln,199.4225285065193,Car Renting for 2019-10-15
106,893,2018-08-15,pln,332.8627884519389,Car Renting for 2018-08-15
107,892,2016-12-03,pln,26.839969683027256,Car Renting for 2016-12-03
108,891,2019-01-25,pln,190.89385609094523,Car Renting for 2019-01-25
109,890,2019-10-02,pln,482.63123966615154,Car Renting for 2019-10-02
110,889,2016-06-03,pln,877.5718641142458,Car Renting for 2016-06-03
111,888,2019-03-14,pln,133.34902619904327,Car Renting for 2019-03-14
112,887,2018-03-31,pln,157.44420693734352,Car Renting for 2018-03-31
113,886,2017-12-22,pln,1184.743712051572,Car Renting for 2017-12-22
114,885,2018-05-07,pln,598.9907621606586,Car Renting for 2018-05-07
115,884,2019-08-23,pln,494.46164876304016,Car Renting for 2019-08-23
116,883,2019-02-19,pln,227.25538922867207,Car Renting for 2019-02-19
117,882,2018-03-28,pln,383.38860826941703,Car Renting for 2018-03-28
118,881,2016-08-21,pln,1989.1350554360704,Car Renting for 2016-08-21
119,880,2016-12-09,pln,35.47112438700365,Car Renting for 2016-12-09
120,879,2018-03-26,pln,1462.0118642303028,Car Renting for 2018-03-26
121,878,2019-05-06,pln,520.252157035334,Car Renting for 2019-05-06
122,877,2018-01-29,pln,207.71284221334213,Car Renting for 2018-01-29
123,876,2018-09-25,pln,96.54863465037619,Car Renting for 2018-09-25
124,875,2017-04-25,pln,142.21734699454802,Car Renting for 2017-04-25
125,874,2017-01-31,pln,280.88841842406856,Car Renting for 2017-01-31
126,873,2019-02-10,pln,1734.929758168589,Car Renting for 2019-02-10
127,872,2018-06-07,pln,399.8147405521783,Car Renting for 2018-06-07
128,871,2017-11-10,pln,766.5242995298477,Car Renting for 2017-11-10
129,870,2018-10-27,pln,1489.585784639678,Car Renting for 2018-10-27
130,869,2017-08-09,pln,2186.3046676483013,Car Renting for 2017-08-09
131,868,2018-09-25,pln,24.308636514356145,Car Renting for 2018-09-25
132,867,2016-05-09,pln,1533.9459793015571,Car Renting for 2016-05-09
133,866,2017-09-24,pln,2147.0804402285175,Car Renting for 2017-09-24
134,865,2017-02-25,pln,1158.3350027089803,Car Renting for 2017-02-25
135,864,2019-08-26,pln,570.6190888545902,Car Renting for 2019-08-26
136,863,2016-11-18,pln,1469.9889491568,Car Renting for 2016-11-18
137,862,2016-09-18,pln,848.7005999507984,Car Renting for 2016-09-18
138,861,2016-10-21,pln,386.30611513675103,Car Renting for 2016-10-21
139,860,2018-03-05,pln,803.2485480295829,Car Renting for 2018-03-05
140,859,2016-08-27,pln,608.9331576189354,Car Renting for 2016-08-27
141,858,2018-07-04,pln,2023.8144058141745,Car Renting for 2018-07-04
142,857,2017-06-17,pln,1757.7790042265292,Car Renting for 2017-06-17
143,856,2018-12-29,pln,144.12229029198795,Car Renting for 2018-12-29
144,855,2017-08-15,pln,250.49665457622186,Car Renting for 2017-08-15
145,854,2016-02-27,pln,1257.2612169723952,Car Renting for 2016-02-27
146,853,2018-10-16,pln,2296.7391492583806,Car Renting for 2018-10-16
147,852,2017-06-26,pln,925.9826932843525,Car Renting for 2017-06-26
148,851,2018-06-27,pln,69.57441364128405,Car Renting for 2018-06-27
149,850,2019-09-26,pln,712.9522171276105,Car Renting for 2019-09-26
150,849,2018-09-10,pln,1392.4974086834661,Car Renting for 2018-09-10
151,848,2018-02-14,pln,1.8129334146403608,Car Renting for 2018-02-14
152,847,2017-03-26,pln,1206.4852776831913,Car Renting for 2017-03-26
153,846,2016-12-31,pln,199.3354845700852,Car Renting for 2016-12-31
154,845,2017-03-23,pln,669.5213740499822,Car Renting for 2017-03-23
155,844,2016-05-11,pln,581.446931123324,Car Renting for 2016-05-11
156,843,2019-03-04,pln,449.4547289027007,Car Renting for 2019-03-04
157,842,2016-10-21,pln,58.72659397801594,Car Renting for 2016-10-21
158,841,2017-06-07,pln,94.13967402213001,Car Renting for 2017-06-07
159,840,2017-10-25,pln,123.43446499303312,Car Renting for 2017-10-25
160,839,2016-06-06,pln,2333.061410991778,Car Renting for 2016-06-06
161,838,2019-11-05,pln,1523.595885490371,Car Renting for 2019-11-05
162,837,2017-06-03,pln,814.693275535042,Car Renting for 2017-06-03
163,836,2019-02-07,pln,1970.6643292886552,Car Renting for 2019-02-07
164,835,2016-03-31,pln,1028.4829112073708,Car Renting for 2016-03-31
165,834,2017-05-13,pln,762.7728804915677,Car Renting for 2017-05-13
166,833,2019-07-31,pln,963.493482801406,Car Renting for 2019-07-31
167,832,2016-10-26,pln,689.3093443416278,Car Renting for 2016-10-26
168,831,2018-09-29,pln,20.45902913954919,Car Renting for 2018-09-29
169,830,2017-08-21,pln,9.505059906527947,Car Renting for 2017-08-21
170,829,2018-07-07,pln,1015.0692191706007,Car Renting for 2018-07-07
171,828,2016-09-14,pln,861.9150022201508,Car Renting for 2016-09-14
172,827,2019-04-28,pln,1279.4084694854232,Car Renting for 2019-04-28
173,826,2017-04-09,pln,102.53927406531648,Car Renting for 2017-04-09
174,825,2019-03-20,pln,834.2721729682279,Car Renting for 2019-03-20
175,824,2016-03-06,pln,737.958401080556,Car Renting for 2016-03-06
176,823,2018-12-02,pln,931.6630354008664,Car Renting for 2018-12-02
177,822,2016-01-19,pln,104.13754518479422,Car Renting for 2016-01-19
178,821,2018-03-17,pln,389.08933187220885,Car Renting for 2018-03-17
179,820,2018-11-11,pln,1327.119283231724,Car Renting for 2018-11-11
180,819,2019-05-21,pln,2.2102817725737967,Car Renting for 2019-05-21
181,818,2016-04-09,pln,883.1150990161744,Car Renting for 2016-04-09
182,817,2016-12-12,pln,1927.8450302787803,Car Renting for 2016-12-12
183,816,2019-07-13,pln,366.9372520487881,Car Renting for 2019-07-13
184,815,2017-12-12,pln,888.0869023746392,Car Renting for 2017-12-12
185,814,2017-03-04,pln,46.88666414701311,Car Renting for 2017-03-04
186,813,2017-10-04,pln,447.51794422247946,Car Renting for 2017-10-04
187,812,2019-04-05,pln,1474.5519193206978,Car Renting for 2019-04-05
188,811,2019-06-06,pln,831.9416297411266,Car Renting for 2019-06-06
189,810,2019-07-26,pln,1436.8906139465619,Car Renting for 2019-07-26
190,809,2018-10-30,pln,320.0611917253817,Car Renting for 2018-10-30
191,808,2017-11-30,pln,2106.294819623066,Car Renting for 2017-11-30
192,807,2016-07-28,pln,84.30454326930821,Car Renting for 2016-07-28
193,806,2017-02-19,pln,1010.8772035546646,Car Renting for 2017-02-19
194,805,2016-04-07,pln,993.0315291172858,Car Renting for 2016-04-07
195,804,2018-12-17,pln,2566.842205042381,Car Renting for 2018-12-17
196,803,2018-07-14,pln,744.1524867316111,Car Renting for 2018-07-14
197,802,2017-08-29,pln,2485.762874287968,Car Renting for 2017-08-29
198,801,2019-02-11,pln,1557.7879490712453,Car Renting for 2019-02-11
199,800,2019-10-27,pln,71.87817735011991,Car Renting for 2019-10-27
200,799,2018-05-31,pln,701.8938364603764,Car Renting for 2018-05-31
201,798,2017-09-04,pln,253.23984574565728,Car Renting for 2017-09-04
202,797,2018-04-22,pln,463.0210538086089,Car Renting for 2018-04-22
203,796,2018-02-23,pln,2300.1953828359447,Car Renting for 2018-02-23
204,795,2017-10-12,pln,1343.2417490890707,Car Renting for 2017-10-12
205,794,2019-08-15,pln,989.0184377747496,Car Renting for 2019-08-15
206,793,2017-09-08,pln,350.95822365371674,Car Renting for 2017-09-08
207,792,2019-03-05,pln,285.3485191303143,Car Renting for 2019-03-05
208,791,2018-09-25,pln,1863.5497215673743,Car Renting for 2018-09-25
209,790,2017-08-05,pln,2007.9657755444898,Car Renting for 2017-08-05
210,789,2017-07-15,pln,177.494919780557,Car Renting for 2017-07-15
211,788,2019-01-22,pln,1226.0747492964065,Car Renting for 2019-01-22
212,787,2016-03-24,pln,353.82203254558783,Car Renting for 2016-03-24
213,786,2017-02-09,pln,1563.2371633695666,Car Renting for 2017-02-09
214,785,2017-06-10,pln,336.5102902932124,Car Renting for 2017-06-10
215,784,2019-04-30,pln,715.1848835220391,Car Renting for 2019-04-30
216,783,2018-05-25,pln,864.1783286156293,Car Renting for 2018-05-25
217,782,2019-10-11,pln,563.5589524002069,Car Renting for 2019-10-11
218,781,2019-09-30,pln,311.19741208638857,Car Renting for 2019-09-30
219,780,2019-01-08,pln,633.7280991836426,Car Renting for 2019-01-08
220,779,2016-08-01,pln,1600.3484212588023,Car Renting for 2016-08-01
221,778,2019-06-22,pln,1236.779026836068,Car Renting for 2019-06-22
222,777,2019-01-03,pln,1592.5200177476606,Car Renting for 2019-01-03
223,776,2018-01-24,pln,697.3350810296814,Car Renting for 2018-01-24
224,775,2019-10-01,pln,338.0113441124406,Car Renting for 2019-10-01
225,774,2018-08-21,pln,602.1944095653693,Car Renting for 2018-08-21
226,773,2019-11-17,pln,1001.7737326549432,Car Renting for 2019-11-17
227,772,2016-07-15,pln,703.5353654741862,Car Renting for 2016-07-15
228,771,2017-09-19,pln,435.9050965746554,Car Renting for 2017-09-19
229,770,2016-06-02,pln,1944.9040222794224,Car Renting for 2016-06-02
230,769,2019-10-15,pln,2173.8070705592795,Car Renting for 2019-10-15
231,768,2016-11-15,pln,2531.194024584555,Car Renting for 2016-11-15
232,767,2018-05-02,pln,2537.6143192476675,Car Renting for 2018-05-02
233,766,2017-02-12,pln,1816.7845830492697,Car Renting for 2017-02-12
234,765,2016-12-20,pln,168.43240763432783,Car Renting for 2016-12-20
235,764,2019-06-06,pln,296.3472896066471,Car Renting for 2019-06-06
236,763,2016-09-10,pln,1477.2170323759606,Car Renting for 2016-09-10
237,762,2017-01-09,pln,1111.267966541295,Car Renting for 2017-01-09
238,761,2019-07-22,pln,863.2986006805176,Car Renting for 2019-07-22
239,760,2018-09-28,pln,101.2964801575223,Car Renting for 2018-09-28
240,759,2017-11-26,pln,545.2777657873928,Car Renting for 2017-11-26
241,758,2017-12-15,pln,338.48477605058144,Car Renting for 2017-12-15
242,757,2017-01-15,pln,7.69966263913664,Car Renting for 2017-01-15
243,756,2017-02-22,pln,1553.6368184094786,Car Renting for 2017-02-22
244,755,2018-09-19,pln,403.7515600687317,Car Renting for 2018-09-19
245,754,2016-08-04,pln,902.6994995916783,Car Renting for 2016-08-04
246,753,2016-11-20,pln,2085.8832229664436,Car Renting for 2016-11-20
247,752,2019-07-31,pln,899.3312703773906,Car Renting for 2019-07-31
248,751,2019-12-06,pln,737.3877170399107,Car Renting for 2019-12-06
249,750,2019-08-23,pln,568.846025916595,Car Renting for 2019-08-23
250,749,2019-03-27,pln,7.401865680925166,Car Renting for 2019-03-27
251,748,2017-05-09,pln,74.83459967419415,Car Renting for 2017-05-09
252,747,2016-11-05,pln,944.5267794616111,Car Renting for 2016-11-05
253,746,2018-02-02,pln,1451.789534775156,Car Renting for 2018-02-02
254,745,2017-06-20,pln,1610.7756407316906,Car Renting for 2017-06-20
255,744,2019-05-05,pln,117.34928643679133,Car Renting for 2019-05-05
256,743,2019-04-05,pln,680.9151743022591,Car Renting for 2019-04-05
257,742,2016-05-22,pln,176.38146237972663,Car Renting for 2016-05-22
258,741,2019-05-01,pln,574.0698228050135,Car Renting for 2019-05-01
259,740,2016-06-23,pln,1056.4907969762303,Car Renting for 2016-06-23
260,739,2017-02-05,pln,260.2437773714285,Car Renting for 2017-02-05
261,738,2019-02-04,pln,677.0809720213524,Car Renting for 2019-02-04
262,737,2018-02-08,pln,1834.3376175228068,Car Renting for 2018-02-08
263,736,2016-01-22,pln,2032.329689641239,Car Renting for 2016-01-22
264,735,2018-03-19,pln,6.260960591832961,Car Renting for 2018-03-19
265,734,2019-10-22,pln,734.8386618750337,Car Renting for 2019-10-22
266,733,2017-09-30,pln,181.4767065143691,Car Renting for 2017-09-30
267,732,2019-03-10,pln,550.5022484697765,Car Renting for 2019-03-10
268,731,2016-10-17,pln,1487.6033451201968,Car Renting for 2016-10-17
269,730,2018-05-25,pln,38.95489972053689,Car Renting for 2018-05-25
270,729,2018-04-29,pln,381.23045701381704,Car Renting for 2018-04-29
271,728,2016-11-13,pln,1386.803372356283,Car Renting for 2016-11-13
272,727,2019-02-07,pln,515.5510004841864,Car Renting for 2019-02-07
273,726,2019-06-10,pln,230.07548232455622,Car Renting for 2019-06-10
274,725,2019-05-08,pln,241.6340949522185,Car Renting for 2019-05-08
275,724,2016-08-19,pln,1813.207598094302,Car Renting for 2016-08-19
276,723,2019-03-01,pln,1051.2377135075756,Car Renting for 2019-03-01
277,722,2017-08-16,pln,1077.6898330870165,Car Renting for 2017-08-16
278,721,2018-10-17,pln,632.3820875767644,Car Renting for 2018-10-17
279,720,2017-08-25,pln,876.9612811620743,Car Renting for 2017-08-25
280,719,2016-05-29,pln,141.10416268622916,Car Renting for 2016-05-29
281,718,2017-07-17,pln,409.91293081939324,Car Renting for 2017-07-17
282,717,2017-10-27,pln,1379.9064857138958,Car Renting for 2017-10-27
283,716,2018-08-16,pln,1429.484718516172,Car Renting for 2018-08-16
284,715,2017-09-21,pln,335.6855049134422,Car Renting for 2017-09-21
285,714,2018-03-16,pln,695.0500366283849,Car Renting for 2018-03-16
286,713,2017-02-06,pln,376.8437533523772,Car Renting for 2017-02-06
287,712,2016-03-13,pln,0.2413179662549747,Car Renting for 2016-03-13
288,711,2019-10-14,pln,808.8538884167458,Car Renting for 2019-10-14
289,710,2016-05-23,pln,1674.917025381441,Car Renting for 2016-05-23
290,709,2016-11-11,pln,280.46565374852344,Car Renting for 2016-11-11
291,708,2017-10-18,pln,1580.3504788671958,Car Renting for 2017-10-18
292,707,2016-03-26,pln,748.08535552156,Car Renting for 2016-03-26
293,706,2017-12-04,pln,119.7056389864924,Car Renting for 2017-12-04
294,705,2017-06-10,pln,794.6253437228137,Car Renting for 2017-06-10
295,704,2017-02-23,pln,440.7922459392902,Car Renting for 2017-02-23
296,703,2017-09-25,pln,847.8114804645048,Car Renting for 2017-09-25
297,702,2017-05-18,pln,610.7333368105908,Car Renting for 2017-05-18
298,701,2017-09-24,pln,1167.3519736997853,Car Renting for 2017-09-24
299,700,2016-12-29,pln,679.2582088197519,Car Renting for 2016-12-29
300,699,2018-03-11,pln,676.3335308072069,Car Renting for 2018-03-11
301,698,2016-04-18,pln,328.4313096751206,Car Renting for 2016-04-18
302,697,2018-10-25,pln,586.8532759908799,Car Renting for 2018-10-25
303,696,2018-03-04,pln,98.69049561797863,Car Renting for 2018-03-04
304,695,2018-06-28,pln,34.87435306027236,Car Renting for 2018-06-28
305,694,2016-11-27,pln,159.32593467758298,Car Renting for 2016-11-27
306,693,2019-06-20,pln,431.3333613730016,Car Renting for 2019-06-20
307,692,2018-08-07,pln,1251.1388155985596,Car Renting for 2018-08-07
308,691,2016-01-25,pln,1106.102566775572,Car Renting for 2016-01-25
309,690,2019-10-24,pln,1616.43845953387,Car Renting for 2019-10-24
310,689,2017-07-04,pln,905.2061918780757,Car Renting for 2017-07-04
311,688,2017-01-23,pln,637.9865877302841,Car Renting for 2017-01-23
312,687,2017-09-18,pln,297.43492013463117,Car Renting for 2017-09-18
313,686,2018-04-18,pln,743.3560424222428,Car Renting for 2018-04-18
314,685,2019-08-18,pln,121.55231490152934,Car Renting for 2019-08-18
315,684,2019-07-05,pln,409.3432756270482,Car Renting for 2019-07-05
316,683,2018-01-19,pln,479.05458519932546,Car Renting for 2018-01-19
317,682,2019-09-04,pln,42.277072395159145,Car Renting for 2019-09-04
318,681,2019-12-01,pln,275.12993456639543,Car Renting for 2019-12-01
319,680,2017-10-14,pln,33.27295264318972,Car Renting for 2017-10-14
320,679,2018-09-05,pln,1400.6614865208564,Car Renting for 2018-09-05
321,678,2016-12-01,pln,163.22993749650539,Car Renting for 2016-12-01
322,677,2018-01-20,pln,129.70821011931244,Car Renting for 2018-01-20
323,676,2017-08-24,pln,1833.789806583246,Car Renting for 2017-08-24
324,675,2016-10-11,pln,376.68150435121095,Car Renting for 2016-10-11
325,674,2019-01-19,pln,171.17690814890096,Car Renting for 2019-01-19
326,673,2017-03-17,pln,403.51109878614346,Car Renting for 2017-03-17
327,672,2018-07-31,pln,1310.261917160853,Car Renting for 2018-07-31
328,671,2016-05-15,pln,44.8760033957954,Car Renting for 2016-05-15
329,670,2017-10-03,pln,165.89585881810478,Car Renting for 2017-10-03
330,669,2018-01-02,pln,52.53396047139768,Car Renting for 2018-01-02
331,668,2016-07-26,pln,251.9353253253903,Car Renting for 2016-07-26
332,667,2017-01-31,pln,7.606747052737502,Car Renting for 2017-01-31
333,666,2017-08-03,pln,286.0202011719986,Car Renting for 2017-08-03
334,665,2016-07-22,pln,444.6731444297442,Car Renting for 2016-07-22
335,664,2019-10-11,pln,737.4182501972791,Car Renting for 2019-10-11
336,663,2016-08-18,pln,25.513722866401068,Car Renting for 2016-08-18
337,662,2017-02-20,pln,561.5557720503347,Car Renting for 2017-02-20
338,661,2018-04-28,pln,2398.8534872583664,Car Renting for 2018-04-28
339,660,2019-03-08,pln,2599.067595702379,Car Renting for 2019-03-08
340,659,2017-08-09,pln,545.7399470363822,Car Renting for 2017-08-09
341,658,2016-05-18,pln,189.5710327006182,Car Renting for 2016-05-18
342,657,2018-06-27,pln,543.6645686720201,Car Renting for 2018-06-27
343,656,2017-09-12,pln,61.35146657593668,Car Renting for 2017-09-12
344,655,2017-08-24,pln,124.72690989874293,Car Renting for 2017-08-24
345,654,2018-05-14,pln,78.5210569991289,Car Renting for 2018-05-14
346,653,2019-06-06,pln,19.156525167735523,Car Renting for 2019-06-06
347,652,2017-01-11,pln,521.7390525264987,Car Renting for 2017-01-11
348,651,2018-02-07,pln,719.1425108414198,Car Renting for 2018-02-07
349,650,2019-06-02,pln,2534.9597047640573,Car Renting for 2019-06-02
350,649,2019-12-31,pln,1175.1570528391999,Car Renting for 2019-12-31
351,648,2018-04-23,pln,115.36578510792738,Car Renting for 2018-04-23
352,647,2019-07-12,pln,1988.8745643569018,Car Renting for 2019-07-12
353,646,2019-10-28,pln,879.2645054056992,Car Renting for 2019-10-28
354,645,2017-01-04,pln,139.63552794131945,Car Renting for 2017-01-04
355,644,2018-11-04,pln,1157.7818400155263,Car Renting for 2018-11-04
356,643,2016-04-17,pln,0.8634532933249606,Car Renting for 2016-04-17
357,642,2019-04-21,pln,459.83650014308546,Car Renting for 2019-04-21
358,641,2017-02-16,pln,118.12764805633151,Car Renting for 2017-02-16
359,640,2019-07-17,pln,1804.1308679735957,Car Renting for 2019-07-17
360,639,2016-03-04,pln,450.83047079435994,Car Renting for 2016-03-04
361,638,2019-11-12,pln,1399.9726138965862,Car Renting for 2019-11-12
362,637,2019-05-07,pln,1729.2797560818146,Car Renting for 2019-05-07
363,636,2016-04-18,pln,268.8883534606588,Car Renting for 2016-04-18
364,635,2018-06-14,pln,405.22496984399857,Car Renting for 2018-06-14
365,634,2016-01-25,pln,2467.0339437918615,Car Renting for 2016-01-25
366,633,2016-12-23,pln,360.94879330298767,Car Renting for 2016-12-23
367,632,2017-03-05,pln,541.7565050718541,Car Renting for 2017-03-05
368,631,2017-01-13,pln,193.1338549005449,Car Renting for 2017-01-13
369,630,2018-08-16,pln,1717.3026482309729,Car Renting for 2018-08-16
370,629,2018-05-09,pln,1694.7337808488892,Car Renting for 2018-05-09
371,628,2017-01-14,pln,1997.5687106624127,Car Renting for 2017-01-14
372,627,2017-01-28,pln,614.2154990221626,Car Renting for 2017-01-28
373,626,2019-04-19,pln,17.555247610906626,Car Renting for 2019-04-19
374,625,2016-05-30,pln,113.66476656333529,Car Renting for 2016-05-30
375,624,2018-04-09,pln,909.4321077932051,Car Renting for 2018-04-09
376,623,2017-06-27,pln,390.251653856214,Car Renting for 2017-06-27
377,622,2018-12-22,pln,728.8975586113293,Car Renting for 2018-12-22
378,621,2017-12-12,pln,1252.8846354968155,Car Renting for 2017-12-12
379,620,2017-08-30,pln,91.41872216862231,Car Renting for 2017-08-30
380,619,2018-10-06,pln,964.9834911901232,Car Renting for 2018-10-06
381,618,2019-08-11,pln,718.1368191442336,Car Renting for 2019-08-11
382,617,2017-12-02,pln,1135.8874395789821,Car Renting for 2017-12-02
383,616,2018-09-05,pln,945.0321538325069,Car Renting for 2018-09-05
384,615,2019-01-26,pln,859.8575310247279,Car Renting for 2019-01-26
385,614,2016-06-15,pln,356.52680565361425,Car Renting for 2016-06-15
386,613,2019-10-28,pln,210.91280243815396,Car Renting for 2019-10-28
387,612,2017-05-06,pln,1462.372717601932,Car Renting for 2017-05-06
388,611,2019-01-15,pln,1400.8964817195647,Car Renting for 2019-01-15
389,610,2019-12-04,pln,583.7306213269993,Car Renting for 2019-12-04
390,609,2018-12-22,pln,30.338956163307806,Car Renting for 2018-12-22
391,608,2017-12-01,pln,1123.1746928912726,Car Renting for 2017-12-01
392,607,2017-11-26,pln,80.30569583038107,Car Renting for 2017-11-26
393,606,2019-03-06,pln,711.115974440109,Car Renting for 2019-03-06
394,605,2018-12-27,pln,1763.43496114962,Car Renting for 2018-12-27
395,604,2019-10-17,pln,29.505088802641396,Car Renting for 2019-10-17
396,603,2017-11-18,pln,77.39101300314832,Car Renting for 2017-11-18
397,602,2016-11-24,pln,16.710008874422844,Car Renting for 2016-11-24
398,601,2016-08-24,pln,810.9633389665906,Car Renting for 2016-08-24
399,600,2017-06-22,pln,234.00937521148234,Car Renting for 2017-06-22
400,599,2017-01-10,pln,140.28473922232473,Car Renting for 2017-01-10
401,598,2019-06-03,pln,558.847107682177,Car Renting for 2019-06-03
402,597,2016-08-16,pln,1403.0977940753373,Car Renting for 2016-08-16
403,596,2018-10-23,pln,588.1653455807253,Car Renting for 2018-10-23
404,595,2016-09-21,pln,723.5305758907011,Car Renting for 2016-09-21
405,594,2018-09-05,pln,767.6468920291496,Car Renting for 2018-09-05
406,593,2019-04-22,pln,1659.6418458158334,Car Renting for 2019-04-22
407,592,2018-12-27,pln,353.2560646983473,Car Renting for 2018-12-27
408,591,2017-10-09,pln,1269.5591401350757,Car Renting for 2017-10-09
409,590,2018-11-13,pln,1463.9959709005057,Car Renting for 2018-11-13
410,589,2018-07-06,pln,62.903921729948365,Car Renting for 2018-07-06
411,588,2016-09-26,pln,939.8847568110307,Car Renting for 2016-09-26
412,587,2017-05-05,pln,182.97104880184816,Car Renting for 2017-05-05
413,586,2017-05-08,pln,1318.1118171631106,Car Renting for 2017-05-08
414,585,2019-04-21,pln,425.6710500532932,Car Renting for 2019-04-21
415,584,2018-02-10,pln,578.8930243221213,Car Renting for 2018-02-10
416,583,2017-10-30,pln,2041.7478808071423,Car Renting for 2017-10-30
417,582,2017-06-30,pln,633.990981320936,Car Renting for 2017-06-30
418,581,2018-07-05,pln,1525.4974833623794,Car Renting for 2018-07-05
419,580,2019-04-15,pln,2119.784271738748,Car Renting for 2019-04-15
420,579,2018-01-09,pln,199.84078867274107,Car Renting for 2018-01-09
421,578,2018-09-22,pln,737.3126627694056,Car Renting for 2018-09-22
422,577,2017-05-23,pln,1204.4409474589665,Car Renting for 2017-05-23
423,576,2018-10-29,pln,2208.393174291724,Car Renting for 2018-10-29
424,575,2017-06-04,pln,188.8131470351929,Car Renting for 2017-06-04
425,574,2018-01-31,pln,1450.192597951948,Car Renting for 2018-01-31
426,573,2019-01-30,pln,205.4508714503223,Car Renting for 2019-01-30
427,572,2017-02-18,pln,1290.2089343616954,Car Renting for 2017-02-18
428,571,2017-05-25,pln,562.9469366751605,Car Renting for 2017-05-25
429,570,2019-02-09,pln,44.72099398867652,Car Renting for 2019-02-09
430,569,2018-01-13,pln,125.16162859681928,Car Renting for 2018-01-13
431,568,2016-12-28,pln,495.4607356683548,Car Renting for 2016-12-28
432,567,2016-11-29,pln,859.7640932048341,Car Renting for 2016-11-29
433,566,2018-08-16,pln,585.255150426176,Car Renting for 2018-08-16
434,565,2017-11-03,pln,2096.387740552119,Car Renting for 2017-11-03
435,564,2018-05-21,pln,1070.247012385589,Car Renting for 2018-05-21
436,563,2016-05-10,pln,76.90014259045755,Car Renting for 2016-05-10
437,562,2016-03-19,pln,613.742958329156,Car Renting for 2016-03-19
438,561,2016-01-21,pln,337.95832483402586,Car Renting for 2016-01-21
439,560,2016-10-13,pln,926.3593898493552,Car Renting for 2016-10-13
440,559,2018-11-11,pln,234.16869658380176,Car Renting for 2018-11-11
441,558,2018-11-02,pln,188.6147092877562,Car Renting for 2018-11-02
442,557,2019-01-07,pln,1518.12356121654,Car Renting for 2019-01-07
443,556,2019-03-05,pln,653.4239523757581,Car Renting for 2019-03-05
444,555,2018-07-18,pln,246.12405201465518,Car Renting for 2018-07-18
445,554,2019-09-29,pln,33.121174496999274,Car Renting for 2019-09-29
446,553,2018-11-04,pln,57.99100963923873,Car Renting for 2018-11-04
447,552,2016-12-11,pln,816.1622957331851,Car Renting for 2016-12-11
448,551,2018-10-05,pln,536.024243173951,Car Renting for 2018-10-05
449,550,2016-03-26,pln,925.9645073523161,Car Renting for 2016-03-26
450,549,2017-01-14,pln,629.3022577362619,Car Renting for 2017-01-14
451,548,2017-08-12,pln,10.17737730294428,Car Renting for 2017-08-12
452,547,2018-08-28,pln,54.452082468919805,Car Renting for 2018-08-28
453,546,2016-09-03,pln,80.21562226079013,Car Renting for 2016-09-03
454,545,2018-02-21,pln,423.33959797405277,Car Renting for 2018-02-21
455,544,2017-06-20,pln,350.5485707361644,Car Renting for 2017-06-20
456,543,2018-11-26,pln,227.43191161712082,Car Renting for 2018-11-26
457,542,2017-06-19,pln,190.51307237086317,Car Renting for 2017-06-19
458,541,2016-06-14,pln,108.14327984965809,Car Renting for 2016-06-14
459,540,2016-09-15,pln,1524.2116010231123,Car Renting for 2016-09-15
460,539,2018-09-13,pln,477.5912578520618,Car Renting for 2018-09-13
461,538,2019-04-03,pln,353.82306831763407,Car Renting for 2019-04-03
462,537,2016-04-02,pln,921.4370927469938,Car Renting for 2016-04-02
463,536,2019-11-20,pln,1244.5325893556358,Car Renting for 2019-11-20
464,535,2017-09-23,pln,428.1296182696309,Car Renting for 2017-09-23
465,534,2018-06-09,pln,714.1531283044028,Car Renting for 2018-06-09
466,533,2019-07-21,pln,379.04886552651084,Car Renting for 2019-07-21
467,532,2019-04-06,pln,878.2859344588335,Car Renting for 2019-04-06
468,531,2017-03-31,pln,42.95419110567267,Car Renting for 2017-03-31
469,530,2018-06-01,pln,32.360443148452354,Car Renting for 2018-06-01
470,529,2018-01-26,pln,971.895926908513,Car Renting for 2018-01-26
471,528,2018-11-02,pln,295.49111889488614,Car Renting for 2018-11-02
472,527,2019-04-11,pln,1073.4091097222285,Car Renting for 2019-04-11
473,526,2019-12-20,pln,493.3492543155137,Car Renting for 2019-12-20
474,525,2017-10-04,pln,402.7695869092322,Car Renting for 2017-10-04
475,524,2018-01-11,pln,2058.2252981179513,Car Renting for 2018-01-11
476,523,2017-11-19,pln,1685.9172930776867,Car Renting for 2017-11-19
477,522,2018-01-20,pln,182.88515631945785,Car Renting for 2018-01-20
478,521,2018-06-06,pln,505.5862411599934,Car Renting for 2018-06-06
479,520,2017-10-04,pln,353.1239949955062,Car Renting for 2017-10-04
480,519,2017-01-17,pln,376.70240563224513,Car Renting for 2017-01-17
481,518,2016-07-21,pln,1387.6545698656382,Car Renting for 2016-07-21
482,517,2018-12-06,pln,2544.259892331599,Car Renting for 2018-12-06
483,516,2019-09-11,pln,746.983337766323,Car Renting for 2019-09-11
484,515,2016-06-06,pln,1087.2404088657058,Car Renting for 2016-06-06
485,514,2017-07-13,pln,1180.604226689145,Car Renting for 2017-07-13
486,513,2018-09-22,pln,530.8582550728478,Car Renting for 2018-09-22
487,512,2019-01-17,pln,1276.9571084185802,Car Renting for 2019-01-17
488,511,2019-04-22,pln,1563.1250291520257,Car Renting for 2019-04-22
489,510,2016-09-14,pln,1039.3164442411316,Car Renting for 2016-09-14
490,509,2018-03-29,pln,2575.050711002464,Car Renting for 2018-03-29
491,508,2018-01-06,pln,38.243379643551634,Car Renting for 2018-01-06
492,507,2016-01-29,pln,197.95154394644996,Car Renting for 2016-01-29
493,506,2018-12-07,pln,69.16821756348551,Car Renting for 2018-12-07
494,505,2017-09-25,pln,478.27730524101537,Car Renting for 2017-09-25
495,504,2017-07-20,pln,1639.612305956628,Car Renting for 2017-07-20
496,503,2018-08-17,pln,82.32852481868532,Car Renting for 2018-08-17
497,502,2016-02-28,pln,33.707771856323234,Car Renting for 2016-02-28
498,501,2017-12-08,pln,599.8568381952101,Car Renting for 2017-12-08
499,500,2019-05-21,pln,1801.2140611382777,Car Renting for 2019-05-21
500,499,2019-02-19,pln,1217.4670548364081,Car Renting for 2019-02-19
501,498,2019-12-21,pln,40.63986738257168,Car Renting for 2019-12-21
502,497,2018-07-29,pln,327.7961931503969,Car Renting for 2018-07-29
503,496,2017-12-22,pln,938.3460254574544,Car Renting for 2017-12-22
504,495,2019-08-23,pln,576.3132350953032,Car Renting for 2019-08-23
505,494,2019-10-09,pln,1289.9975881318414,Car Renting for 2019-10-09
506,493,2018-03-19,pln,127.2864451113536,Car Renting for 2018-03-19
507,492,2019-03-20,pln,1323.0991301346348,Car Renting for 2019-03-20
508,491,2019-07-13,pln,21.418591344390286,Car Renting for 2019-07-13
509,490,2019-10-24,pln,1499.3264217226542,Car Renting for 2019-10-24
510,489,2019-09-09,pln,1011.4120673942184,Car Renting for 2019-09-09
511,488,2016-09-18,pln,15.87451390877842,Car Renting for 2016-09-18
512,487,2019-08-20,pln,2183.77171923264,Car Renting for 2019-08-20
513,486,2019-01-23,pln,128.46903514239284,Car Renting for 2019-01-23
514,485,2019-08-10,pln,816.071554702876,Car Renting for 2019-08-10
515,484,2018-05-12,pln,2121.246759192132,Car Renting for 2018-05-12
516,483,2016-10-16,pln,117.22194248768974,Car Renting for 2016-10-16
517,482,2018-09-29,pln,1085.8428554516647,Car Renting for 2018-09-29
518,481,2019-11-07,pln,220.71206653193002,Car Renting for 2019-11-07
519,480,2018-12-25,pln,123.15015870339728,Car Renting for 2018-12-25
520,479,2016-05-10,pln,153.064567605048,Car Renting for 2016-05-10
521,478,2017-03-31,pln,759.5764958939743,Car Renting for 2017-03-31
522,477,2019-09-05,pln,78.14436137082335,Car Renting for 2019-09-05
523,476,2019-01-28,pln,946.9067075081047,Car Renting for 2019-01-28
524,475,2016-09-10,pln,2233.4828590534253,Car Renting for 2016-09-10
525,474,2019-03-07,pln,429.7393174258954,Car Renting for 2019-03-07
526,473,2018-04-13,pln,424.3261922070812,Car Renting for 2018-04-13
527,472,2017-11-06,pln,234.06213912216907,Car Renting for 2017-11-06
528,471,2019-09-09,pln,409.1057416751386,Car Renting for 2019-09-09
529,470,2019-06-08,pln,561.5988688539226,Car Renting for 2019-06-08
530,469,2018-01-31,pln,966.7113405822033,Car Renting for 2018-01-31
531,468,2017-12-31,pln,152.8174205746058,Car Renting for 2017-12-31
532,467,2019-07-18,pln,1005.7026179035167,Car Renting for 2019-07-18
533,466,2018-04-20,pln,171.44729783189095,Car Renting for 2018-04-20
534,465,2018-12-31,pln,1243.5126335789246,Car Renting for 2018-12-31
535,464,2017-07-23,pln,104.73304488953022,Car Renting for 2017-07-23
536,463,2017-02-04,pln,715.4719727152935,Car Renting for 2017-02-04
537,462,2016-07-08,pln,461.1578545807726,Car Renting for 2016-07-08
538,461,2017-12-20,pln,99.26609755372766,Car Renting for 2017-12-20
539,460,2017-02-03,pln,597.8702612487317,Car Renting for 2017-02-03
540,459,2018-04-06,pln,1403.3364809463083,Car Renting for 2018-04-06
541,458,2019-05-06,pln,341.5566353130898,Car Renting for 2019-05-06
542,457,2018-06-15,pln,452.8870193477484,Car Renting for 2018-06-15
543,456,2018-10-04,pln,13.25255007531469,Car Renting for 2018-10-04
544,455,2019-08-29,pln,1133.1840479164844,Car Renting for 2019-08-29
545,454,2017-12-05,pln,2477.2443897536555,Car Renting for 2017-12-05
546,453,2016-07-31,pln,548.5078388909114,Car Renting for 2016-07-31
547,452,2017-07-01,pln,554.2300741919814,Car Renting for 2017-07-01
548,451,2019-12-11,pln,262.8946819571193,Car Renting for 2019-12-11
549,450,2019-12-20,pln,93.6667949870369,Car Renting for 2019-12-20
550,449,2017-02-15,pln,1084.934038679311,Car Renting for 2017-02-15
551,448,2019-11-13,pln,1440.2679570332746,Car Renting for 2019-11-13
552,447,2018-01-28,pln,1763.8711421750545,Car Renting for 2018-01-28
553,446,2017-05-31,pln,488.4791678910376,Car Renting for 2017-05-31
554,445,2019-10-17,pln,1.541706423726752,Car Renting for 2019-10-17
555,444,2017-05-18,pln,1552.3223807737645,Car Renting for 2017-05-18
556,443,2018-08-12,pln,2139.296776931294,Car Renting for 2018-08-12
557,442,2016-06-25,pln,207.34289064097362,Car Renting for 2016-06-25
558,441,2018-01-18,pln,733.7310011494567,Car Renting for 2018-01-18
559,440,2019-09-26,pln,415.5959891465101,Car Renting for 2019-09-26
560,439,2016-05-22,pln,339.2096300734464,Car Renting for 2016-05-22
561,438,2017-09-01,pln,1064.2030128306837,Car Renting for 2017-09-01
562,437,2016-03-20,pln,1190.6315263266397,Car Renting for 2016-03-20
563,436,2019-02-07,pln,1637.116596326925,Car Renting for 2019-02-07
564,435,2016-07-06,pln,7.008027971384566,Car Renting for 2016-07-06
565,434,2019-07-17,pln,1385.705412132496,Car Renting for 2019-07-17
566,433,2019-03-28,pln,293.1341907116278,Car Renting for 2019-03-28
567,432,2016-01-11,pln,1203.0560201816115,Car Renting for 2016-01-11
568,431,2016-12-15,pln,865.8400665516583,Car Renting for 2016-12-15
569,430,2018-10-07,pln,244.29751567003535,Car Renting for 2018-10-07
570,429,2018-09-23,pln,1325.1117441967885,Car Renting for 2018-09-23
571,428,2018-09-02,pln,81.69047926188335,Car Renting for 2018-09-02
572,427,2019-08-13,pln,293.86129956965624,Car Renting for 2019-08-13
573,426,2017-11-25,pln,458.811724948659,Car Renting for 2017-11-25
574,425,2018-02-17,pln,812.8416695911565,Car Renting for 2018-02-17
575,424,2019-07-25,pln,1007.7585414076491,Car Renting for 2019-07-25
576,423,2017-03-25,pln,378.806424292633,Car Renting for 2017-03-25
577,422,2016-12-20,pln,611.3299212997334,Car Renting for 2016-12-20
578,421,2019-10-31,pln,69.82849789118946,Car Renting for 2019-10-31
579,420,2016-02-09,pln,57.50357228618049,Car Renting for 2016-02-09
580,419,2017-07-28,pln,499.3767216609492,Car Renting for 2017-07-28
581,418,2018-05-23,pln,1206.8203325558127,Car Renting for 2018-05-23
582,417,2018-03-07,pln,361.88961962302847,Car Renting for 2018-03-07
583,416,2019-11-29,pln,344.9842236396386,Car Renting for 2019-11-29
584,415,2018-01-03,pln,684.7831485081525,Car Renting for 2018-01-03
585,414,2017-07-16,pln,1350.8257931558958,Car Renting for 2017-07-16
586,413,2019-01-27,pln,1555.392777969928,Car Renting for 2019-01-27
587,412,2016-10-05,pln,1402.8330764248606,Car Renting for 2016-10-05
588,411,2018-01-08,pln,93.30082847832308,Car Renting for 2018-01-08
589,410,2018-05-14,pln,465.9681647774803,Car Renting for 2018-05-14
590,409,2019-04-10,pln,1218.3729553131625,Car Renting for 2019-04-10
591,408,2019-07-27,pln,807.7516838009911,Car Renting for 2019-07-27
592,407,2016-12-17,pln,30.06365116681252,Car Renting for 2016-12-17
593,406,2018-11-17,pln,368.77283293913945,Car Renting for 2018-11-17
594,405,2019-12-19,pln,1375.6547299288632,Car Renting for 2019-12-19
595,404,2017-09-19,pln,491.54373782948187,Car Renting for 2017-09-19
596,403,2019-07-31,pln,340.3935012887544,Car Renting for 2019-07-31
597,402,2019-03-08,pln,267.09217979427274,Car Renting for 2019-03-08
598,401,2018-03-18,pln,1910.2890620015405,Car Renting for 2018-03-18
599,400,2019-04-01,pln,1858.759309488602,Car Renting for 2019-04-01
600,399,2018-11-27,pln,56.48739173048658,Car Renting for 2018-11-27
601,398,2018-04-25,pln,699.634721877374,Car Renting for 2018-04-25
602,397,2018-08-08,pln,946.0951450137268,Car Renting for 2018-08-08
603,396,2019-12-24,pln,798.0758312655506,Car Renting for 2019-12-24
604,395,2019-03-08,pln,484.1654907751593,Car Renting for 2019-03-08
605,394,2018-11-27,pln,236.7778547585755,Car Renting for 2018-11-27
606,393,2019-07-07,pln,15.234772210914178,Car Renting for 2019-07-07
607,392,2017-06-19,pln,315.0502061290569,Car Renting for 2017-06-19
608,391,2017-03-22,pln,979.7802866137874,Car Renting for 2017-03-22
609,390,2018-12-20,pln,6.235517063537848,Car Renting for 2018-12-20
610,389,2017-08-08,pln,1232.7046144796157,Car Renting for 2017-08-08
611,388,2017-05-27,pln,247.86588628155533,Car Renting for 2017-05-27
612,387,2018-01-30,pln,701.8963830867193,Car Renting for 2018-01-30
613,386,2018-09-06,pln,43.19851680574728,Car Renting for 2018-09-06
614,385,2018-07-02,pln,387.61828570803914,Car Renting for 2018-07-02
615,384,2016-10-27,pln,143.75170147367712,Car Renting for 2016-10-27
616,383,2017-10-22,pln,2686.3656610727135,Car Renting for 2017-10-22
617,382,2016-03-15,pln,922.2909123859539,Car Renting for 2016-03-15
618,381,2017-10-09,pln,1006.4704414888023,Car Renting for 2017-10-09
619,380,2019-06-29,pln,9.094126378548772,Car Renting for 2019-06-29
620,379,2017-08-19,pln,1110.427934601469,Car Renting for 2017-08-19
621,378,2017-01-31,pln,641.3698361503281,Car Renting for 2017-01-31
622,377,2017-02-16,pln,1641.7191048243092,Car Renting for 2017-02-16
623,376,2018-12-06,pln,667.4713632625856,Car Renting for 2018-12-06
624,375,2019-09-18,pln,166.3074123378067,Car Renting for 2019-09-18
625,374,2018-08-28,pln,2316.2230080602903,Car Renting for 2018-08-28
626,373,2018-06-02,pln,848.4029176044907,Car Renting for 2018-06-02
627,372,2017-12-17,pln,74.78717142421524,Car Renting for 2017-12-17
628,371,2018-05-17,pln,2252.8272658095184,Car Renting for 2018-05-17
629,370,2018-06-28,pln,420.42639311607246,Car Renting for 2018-06-28
630,369,2016-03-03,pln,482.19475820190956,Car Renting for 2016-03-03
631,368,2017-04-30,pln,434.42110516704065,Car Renting for 2017-04-30
632,367,2019-07-15,pln,301.7129237647156,Car Renting for 2019-07-15
633,366,2017-10-14,pln,81.09892653245805,Car Renting for 2017-10-14
634,365,2018-05-04,pln,1360.4639962619615,Car Renting for 2018-05-04
635,364,2017-03-15,pln,86.109823665742,Car Renting for 2017-03-15
636,363,2016-01-26,pln,294.32955558610354,Car Renting for 2016-01-26
637,362,2018-10-01,pln,413.77083929949424,Car Renting for 2018-10-01
638,361,2016-07-05,pln,264.41439397867106,Car Renting for 2016-07-05
639,360,2018-07-09,pln,252.47465249303562,Car Renting for 2018-07-09
640,359,2017-10-08,pln,1793.092663282688,Car Renting for 2017-10-08
641,358,2018-10-19,pln,466.4575103091743,Car Renting for 2018-10-19
642,357,2017-04-25,pln,1169.7977583392326,Car Renting for 2017-04-25
643,356,2018-12-29,pln,1330.5723615614434,Car Renting for 2018-12-29
644,355,2018-03-09,pln,628.9870955707677,Car Renting for 2018-03-09
645,354,2018-10-18,pln,329.9027701896964,Car Renting for 2018-10-18
646,353,2016-08-16,pln,1011.2767427123953,Car Renting for 2016-08-16
647,352,2018-09-08,pln,1026.3004044020552,Car Renting for 2018-09-08
648,351,2017-01-21,pln,157.97002832524709,Car Renting for 2017-01-21
649,350,2017-12-22,pln,1143.044561295392,Car Renting for 2017-12-22
650,349,2019-07-09,pln,1148.8345569223584,Car Renting for 2019-07-09
651,348,2016-07-21,pln,787.0899089396802,Car Renting for 2016-07-21
652,347,2019-12-14,pln,106.85530995481713,Car Renting for 2019-12-14
653,346,2016-07-04,pln,831.4869494700004,Car Renting for 2016-07-04
654,345,2018-07-13,pln,1086.4313923325383,Car Renting for 2018-07-13
655,344,2019-12-13,pln,290.8549235055827,Car Renting for 2019-12-13
656,343,2016-06-26,pln,288.7359776693548,Car Renting for 2016-06-26
657,342,2017-05-14,pln,98.92709949353105,Car Renting for 2017-05-14
658,341,2019-03-21,pln,658.8350908108334,Car Renting for 2019-03-21
659,340,2019-12-18,pln,133.80893994814963,Car Renting for 2019-12-18
660,339,2018-10-19,pln,950.6359728322125,Car Renting for 2018-10-19
661,338,2016-05-05,pln,511.76064717816996,Car Renting for 2016-05-05
662,337,2017-11-03,pln,154.04120262788203,Car Renting for 2017-11-03
663,336,2017-01-21,pln,643.2478430195706,Car Renting for 2017-01-21
664,335,2018-06-26,pln,175.3590614949904,Car Renting for 2018-06-26
665,334,2019-09-12,pln,669.9793982631048,Car Renting for 2019-09-12
666,333,2019-07-20,pln,1268.552264288081,Car Renting for 2019-07-20
667,332,2016-09-02,pln,656.8483051517306,Car Renting for 2016-09-02
668,331,2018-08-28,pln,884.0140364432191,Car Renting for 2018-08-28
669,330,2016-06-22,pln,1685.3401843490897,Car Renting for 2016-06-22
670,329,2017-01-12,pln,107.76888643707169,Car Renting for 2017-01-12
671,328,2016-12-24,pln,52.24679219908103,Car Renting for 2016-12-24
672,327,2019-06-16,pln,2131.1122944195954,Car Renting for 2019-06-16
673,326,2016-05-12,pln,612.926777697429,Car Renting for 2016-05-12
674,325,2017-12-01,pln,376.66293769354434,Car Renting for 2017-12-01
675,324,2018-09-15,pln,625.3977095560874,Car Renting for 2018-09-15
676,323,2016-01-28,pln,1283.384492115983,Car Renting for 2016-01-28
677,322,2017-07-19,pln,2594.1874307150283,Car Renting for 2017-07-19
678,321,2018-11-18,pln,1216.4760744562077,Car Renting for 2018-11-18
679,320,2019-12-02,pln,1734.3261382413584,Car Renting for 2019-12-02
680,319,2019-05-29,pln,1889.5863807087787,Car Renting for 2019-05-29
681,318,2017-02-01,pln,945.7655381630206,Car Renting for 2017-02-01
682,317,2019-08-03,pln,161.2036682911307,Car Renting for 2019-08-03
683,316,2018-03-29,pln,621.1782609190363,Car Renting for 2018-03-29
684,315,2016-01-26,pln,479.444099150249,Car Renting for 2016-01-26
685,314,2017-03-06,pln,816.7231714656068,Car Renting for 2017-03-06
686,313,2017-03-30,pln,1365.3654898434,Car Renting for 2017-03-30
687,312,2018-07-15,pln,17.555908967702916,Car Renting for 2018-07-15
688,311,2017-11-29,pln,262.7857158258893,Car Renting for 2017-11-29
689,310,2018-10-10,pln,98.8969893242955,Car Renting for 2018-10-10
690,309,2019-11-14,pln,2177.2732736373946,Car Renting for 2019-11-14
691,308,2017-09-23,pln,401.6523932954282,Car Renting for 2017-09-23
692,307,2017-07-04,pln,266.5041823526534,Car Renting for 2017-07-04
693,306,2018-07-23,pln,138.39922566492194,Car Renting for 2018-07-23
694,305,2018-12-29,pln,194.01363362037523,Car Renting for 2018-12-29
695,304,2017-12-20,pln,224.55631440394677,Car Renting for 2017-12-20
696,303,2017-02-12,pln,542.9679017674972,Car Renting for 2017-02-12
697,302,2019-09-14,pln,426.9616444834895,Car Renting for 2019-09-14
698,301,2017-10-22,pln,875.1369866490584,Car Renting for 2017-10-22
699,300,2016-06-08,pln,415.15273834773836,Car Renting for 2016-06-08
700,299,2018-05-03,pln,1175.2878012983897,Car Renting for 2018-05-03
701,298,2018-11-23,pln,696.8784343842685,Car Renting for 2018-11-23
702,297,2017-07-23,pln,307.66869798346823,Car Renting for 2017-07-23
703,296,2018-06-17,pln,337.5472191863362,Car Renting for 2018-06-17
704,295,2017-10-17,pln,1082.099367040273,Car Renting for 2017-10-17
705,294,2017-10-15,pln,1142.9159134654176,Car Renting for 2017-10-15
706,293,2018-01-23,pln,998.385610716018,Car Renting for 2018-01-23
707,292,2016-02-06,pln,1847.676175348929,Car Renting for 2016-02-06
708,291,2016-08-28,pln,2121.2675005300252,Car Renting for 2016-08-28
709,290,2017-07-21,pln,1301.5588634071266,Car Renting for 2017-07-21
710,289,2018-12-08,pln,341.69127440087857,Car Renting for 2018-12-08
711,288,2017-03-13,pln,688.5271790253229,Car Renting for 2017-03-13
712,287,2019-07-25,pln,964.59154937217,Car Renting for 2019-07-25
713,286,2017-10-30,pln,864.1231928462671,Car Renting for 2017-10-30
714,285,2019-01-31,pln,132.80833971370035,Car Renting for 2019-01-31
715,284,2019-08-15,pln,1869.651352376003,Car Renting for 2019-08-15
716,283,2016-09-12,pln,63.31737642300082,Car Renting for 2016-09-12
717,282,2016-09-29,pln,1413.4089076363693,Car Renting for 2016-09-29
718,281,2017-10-07,pln,17.036707558894854,Car Renting for 2017-10-07
719,280,2017-01-10,pln,808.065009595535,Car Renting for 2017-01-10
720,279,2018-01-02,pln,33.76854366836565,Car Renting for 2018-01-02
721,278,2018-07-21,pln,8.50047417890707,Car Renting for 2018-07-21
722,277,2018-09-09,pln,1784.658908730839,Car Renting for 2018-09-09
723,276,2017-02-26,pln,131.6761866706501,Car Renting for 2017-02-26
724,275,2016-07-20,pln,341.51990577324125,Car Renting for 2016-07-20
725,274,2017-01-16,pln,719.6356266740179,Car Renting for 2017-01-16
726,273,2018-09-14,pln,867.5415572132702,Car Renting for 2018-09-14
727,272,2019-11-24,pln,18.018519351224633,Car Renting for 2019-11-24
728,271,2017-06-04,pln,660.9352271069795,Car Renting for 2017-06-04
729,270,2016-02-16,pln,22.327756361537663,Car Renting for 2016-02-16
730,269,2016-06-27,pln,192.64654785960659,Car Renting for 2016-06-27
731,268,2018-08-27,pln,336.19895887325157,Car Renting for 2018-08-27
732,267,2019-08-19,pln,1229.972056032208,Car Renting for 2019-08-19
733,266,2018-06-11,pln,441.41638091145364,Car Renting for 2018-06-11
734,265,2016-11-25,pln,711.4890944777596,Car Renting for 2016-11-25
735,264,2018-07-26,pln,2827.670721185874,Car Renting for 2018-07-26
736,263,2016-11-02,pln,2551.9655706169683,Car Renting for 2016-11-02
737,262,2017-10-30,pln,2750.0647666711466,Car Renting for 2017-10-30
738,261,2018-11-24,pln,1585.0689107482426,Car Renting for 2018-11-24
739,260,2019-02-15,pln,180.02626028730757,Car Renting for 2019-02-15
740,259,2019-09-22,pln,121.54855211827227,Car Renting for 2019-09-22
741,258,2018-10-09,pln,354.3965540826087,Car Renting for 2018-10-09
742,257,2019-10-12,pln,1832.5345204465418,Car Renting for 2019-10-12
743,256,2017-06-27,pln,577.4007440360729,Car Renting for 2017-06-27
744,255,2016-12-10,pln,492.9845160942091,Car Renting for 2016-12-10
745,254,2018-07-17,pln,848.8461314325073,Car Renting for 2018-07-17
746,253,2017-12-11,pln,1728.8294995873478,Car Renting for 2017-12-11
747,252,2019-03-14,pln,25.499563739492885,Car Renting for 2019-03-14
748,251,2018-02-04,pln,270.60775495493505,Car Renting for 2018-02-04
749,250,2017-03-23,pln,1994.7004622613258,Car Renting for 2017-03-23
750,249,2019-03-22,pln,1367.702178044942,Car Renting for 2019-03-22
751,248,2017-05-15,pln,457.19341879779427,Car Renting for 2017-05-15
752,247,2018-01-16,pln,421.66854647403295,Car Renting for 2018-01-16
753,246,2018-10-02,pln,421.47026710682724,Car Renting for 2018-10-02
754,245,2016-10-18,pln,282.15245004240677,Car Renting for 2016-10-18
755,244,2019-06-21,pln,224.8085732318883,Car Renting for 2019-06-21
756,243,2016-03-01,pln,1139.0635153915007,Car Renting for 2016-03-01
757,242,2018-11-26,pln,2004.773314127258,Car Renting for 2018-11-26
758,241,2018-06-03,pln,162.14005622690823,Car Renting for 2018-06-03
759,240,2016-07-12,pln,1040.7791910254334,Car Renting for 2016-07-12
760,239,2018-02-26,pln,330.69278030768874,Car Renting for 2018-02-26
761,238,2019-09-24,pln,185.80130999474818,Car Renting for 2019-09-24
762,237,2018-01-11,pln,876.4062645589223,Car Renting for 2018-01-11
763,236,2019-05-07,pln,2861.5876242151226,Car Renting for 2019-05-07
764,235,2017-02-09,pln,1363.8292586315042,Car Renting for 2017-02-09
765,234,2019-12-23,pln,215.11881952507568,Car Renting for 2019-12-23
766,233,2016-05-02,pln,616.9656582450802,Car Renting for 2016-05-02
767,232,2017-02-16,pln,586.8932569486055,Car Renting for 2017-02-16
768,231,2019-12-07,pln,1180.36717173949,Car Renting for 2019-12-07
769,230,2018-06-17,pln,138.22371052147855,Car Renting for 2018-06-17
770,229,2018-03-09,pln,64.42169782370718,Car Renting for 2018-03-09
771,228,2016-01-10,pln,400.1136820053299,Car Renting for 2016-01-10
772,227,2019-05-25,pln,304.7229235995405,Car Renting for 2019-05-25
773,226,2017-03-07,pln,969.3244350220277,Car Renting for 2017-03-07
774,225,2017-02-05,pln,628.3810293747972,Car Renting for 2017-02-05
775,224,2018-02-07,pln,262.92435309177193,Car Renting for 2018-02-07
776,223,2018-03-26,pln,1867.9314036941178,Car Renting for 2018-03-26
777,222,2016-11-17,pln,1118.235938610619,Car Renting for 2016-11-17
778,221,2019-09-27,pln,1166.8303065640503,Car Renting for 2019-09-27
779,220,2016-07-21,pln,1653.0677773608593,Car Renting for 2016-07-21
780,219,2018-09-16,pln,556.4029409728691,Car Renting for 2018-09-16
781,218,2018-05-21,pln,372.58465477897437,Car Renting for 2018-05-21
782,217,2019-05-15,pln,228.445212318407,Car Renting for 2019-05-15
783,216,2016-10-19,pln,2742.02185798549,Car Renting for 2016-10-19
784,215,2018-04-25,pln,817.0245369277391,Car Renting for 2018-04-25
785,214,2018-10-10,pln,16.76323247893862,Car Renting for 2018-10-10
786,213,2017-02-26,pln,174.67375636781333,Car Renting for 2017-02-26
787,212,2019-04-09,pln,77.95117464267258,Car Renting for 2019-04-09
788,211,2016-07-17,pln,127.99119334591805,Car Renting for 2016-07-17
789,210,2017-04-19,pln,906.1005490550192,Car Renting for 2017-04-19
790,209,2017-09-26,pln,981.7706425591574,Car Renting for 2017-09-26
791,208,2018-03-25,pln,1283.179658614351,Car Renting for 2018-03-25
792,207,2017-11-06,pln,173.67721230361653,Car Renting for 2017-11-06
793,206,2017-03-16,pln,171.29797597353343,Car Renting for 2017-03-16
794,205,2018-04-01,pln,1342.4397709264404,Car Renting for 2018-04-01
795,204,2019-07-12,pln,2165.231850509825,Car Renting for 2019-07-12
796,203,2017-01-06,pln,1974.9063053374134,Car Renting for 2017-01-06
797,202,2018-02-28,pln,2594.476257185381,Car Renting for 2018-02-28
798,201,2018-04-16,pln,1363.9201136942822,Car Renting for 2018-04-16
799,200,2019-04-01,pln,451.27542273618184,Car Renting for 2019-04-01
800,199,2017-05-31,pln,409.4253428979382,Car Renting for 2017-05-31
801,198,2018-04-18,pln,1867.409904618254,Car Renting for 2018-04-18
802,197,2018-11-14,pln,254.1846070966443,Car Renting for 2018-11-14
803,196,2016-11-17,pln,1063.0089814179717,Car Renting for 2016-11-17
804,195,2016-10-20,pln,1928.6772267467945,Car Renting for 2016-10-20
805,194,2019-09-06,pln,126.36735369985784,Car Renting for 2019-09-06
806,193,2016-12-31,pln,825.542239610228,Car Renting for 2016-12-31
807,192,2019-07-03,pln,190.53908166843217,Car Renting for 2019-07-03
808,191,2016-01-07,pln,82.63023478879552,Car Renting for 2016-01-07
809,190,2018-02-03,pln,764.1565503524849,Car Renting for 2018-02-03
810,189,2017-05-25,pln,2355.773574346231,Car Renting for 2017-05-25
811,188,2017-08-08,pln,56.07134487030208,Car Renting for 2017-08-08
812,187,2016-01-21,pln,243.75861658466292,Car Renting for 2016-01-21
813,186,2017-10-26,pln,148.19345838572258,Car Renting for 2017-10-26
814,185,2017-03-31,pln,477.18742956932704,Car Renting for 2017-03-31
815,184,2019-09-11,pln,929.5215110837714,Car Renting for 2019-09-11
816,183,2016-12-08,pln,236.70680360000244,Car Renting for 2016-12-08
817,182,2019-07-29,pln,133.76671959406752,Car Renting for 2019-07-29
818,181,2018-02-14,pln,2021.6656480879883,Car Renting for 2018-02-14
819,180,2019-12-28,pln,458.0823013790735,Car Renting for 2019-12-28
820,179,2017-05-03,pln,101.8517203543228,Car Renting for 2017-05-03
821,178,2018-06-22,pln,837.97530538458,Car Renting for 2018-06-22
822,177,2016-01-24,pln,788.5063637702638,Car Renting for 2016-01-24
823,176,2017-12-27,pln,1069.94799074041,Car Renting for 2017-12-27
824,175,2019-10-19,pln,597.9361696963299,Car Renting for 2019-10-19
825,174,2019-02-09,pln,116.26906137101878,Car Renting for 2019-02-09
826,173,2016-11-22,pln,214.55148541040035,Car Renting for 2016-11-22
827,172,2016-01-03,pln,106.47020267871585,Car Renting for 2016-01-03
828,171,2019-09-03,pln,176.1578680516504,Car Renting for 2019-09-03
829,170,2019-04-11,pln,2182.944387550114,Car Renting for 2019-04-11
830,169,2017-09-22,pln,706.850746987081,Car Renting for 2017-09-22
831,168,2018-01-15,pln,1337.6060192779123,Car Renting for 2018-01-15
832,167,2017-05-18,pln,1173.6306238458656,Car Renting for 2017-05-18
833,166,2018-11-10,pln,529.4724210384019,Car Renting for 2018-11-10
834,165,2019-04-19,pln,24.48262346117417,Car Renting for 2019-04-19
835,164,2017-08-01,pln,1174.1525771406552,Car Renting for 2017-08-01
836,163,2019-01-23,pln,861.5515170451009,Car Renting for 2019-01-23
837,162,2017-10-08,pln,1097.120908653454,Car Renting for 2017-10-08
838,161,2017-05-18,pln,1456.5589622413963,Car Renting for 2017-05-18
839,160,2016-09-06,pln,1341.3341851628134,Car Renting for 2016-09-06
840,159,2016-10-27,pln,894.4501712201441,Car Renting for 2016-10-27
841,158,2017-12-28,pln,445.91454448043464,Car Renting for 2017-12-28
842,157,2017-01-29,pln,151.54824379022818,Car Renting for 2017-01-29
843,156,2019-11-16,pln,1004.64426106322,Car Renting for 2019-11-16
844,155,2019-04-16,pln,52.85029529262552,Car Renting for 2019-04-16
845,154,2018-10-05,pln,720.7068001203277,Car Renting for 2018-10-05
846,153,2017-12-23,pln,42.00244728354593,Car Renting for 2017-12-23
847,152,2016-10-29,pln,1418.1269553859954,Car Renting for 2016-10-29
848,151,2018-11-19,pln,1436.6261617509617,Car Renting for 2018-11-19
849,150,2019-12-26,pln,160.00433896051507,Car Renting for 2019-12-26
850,149,2016-06-11,pln,2405.551530969712,Car Renting for 2016-06-11
851,148,2016-07-07,pln,1707.6000025049486,Car Renting for 2016-07-07
852,147,2018-01-23,pln,1084.955227771944,Car Renting for 2018-01-23
853,146,2018-02-22,pln,721.5586135068633,Car Renting for 2018-02-22
854,145,2019-12-12,pln,1667.017941016417,Car Renting for 2019-12-12
855,144,2016-02-16,pln,1780.3231533109247,Car Renting for 2016-02-16
856,143,2018-02-25,pln,709.7691513532693,Car Renting for 2018-02-25
857,142,2018-10-18,pln,29.567077728523806,Car Renting for 2018-10-18
858,141,2017-07-30,pln,1293.2254649470892,Car Renting for 2017-07-30
859,140,2017-05-20,pln,993.0484285173825,Car Renting for 2017-05-20
860,139,2018-02-06,pln,857.91133934148,Car Renting for 2018-02-06
861,138,2018-10-30,pln,913.201162806655,Car Renting for 2018-10-30
862,137,2018-03-18,pln,433.1358937361378,Car Renting for 2018-03-18
863,136,2016-08-26,pln,144.06834290874997,Car Renting for 2016-08-26
864,135,2016-10-20,pln,46.830322178643264,Car Renting for 2016-10-20
865,134,2016-05-13,pln,14.51090811563139,Car Renting for 2016-05-13
866,133,2018-08-29,pln,1711.3359113827078,Car Renting for 2018-08-29
867,132,2018-01-25,pln,213.15555430569108,Car Renting for 2018-01-25
868,131,2017-01-24,pln,21.162497906969616,Car Renting for 2017-01-24
869,130,2016-07-20,pln,612.0412232655823,Car Renting for 2016-07-20
870,129,2019-02-17,pln,1574.2131710543808,Car Renting for 2019-02-17
871,128,2019-12-07,pln,152.28717867127008,Car Renting for 2019-12-07
872,127,2019-07-23,pln,270.7378282628204,Car Renting for 2019-07-23
873,126,2016-01-09,pln,66.01812189413468,Car Renting for 2016-01-09
874,125,2018-06-08,pln,1125.8714326814597,Car Renting for 2018-06-08
875,124,2016-12-14,pln,2291.6776186263173,Car Renting for 2016-12-14
876,123,2016-11-27,pln,964.6035966075824,Car Renting for 2016-11-27
877,122,2019-07-21,pln,1651.2480730500974,Car Renting for 2019-07-21
878,121,2019-12-30,pln,417.6014390543911,Car Renting for 2019-12-30
879,120,2019-08-03,pln,24.794841942244386,Car Renting for 2019-08-03
880,119,2019-03-30,pln,2418.143797500681,Car Renting for 2019-03-30
881,118,2018-03-16,pln,205.98233469113387,Car Renting for 2018-03-16
882,117,2017-04-18,pln,2580.581589953847,Car Renting for 2017-04-18
883,116,2016-05-08,pln,1201.6844252219794,Car Renting for 2016-05-08
884,115,2016-03-05,pln,1732.7897499148835,Car Renting for 2016-03-05
885,114,2017-11-12,pln,236.50770507209873,Car Renting for 2017-11-12
886,113,2016-08-29,pln,296.1032873838314,Car Renting for 2016-08-29
887,112,2017-08-08,pln,231.05805586495512,Car Renting for 2017-08-08
888,111,2016-10-31,pln,337.1839331822659,Car Renting for 2016-10-31
889,110,2018-11-05,pln,247.04670160958295,Car Renting for 2018-11-05
890,109,2016-12-23,pln,913.144344599606,Car Renting for 2016-12-23
891,108,2019-10-30,pln,1866.0027348578478,Car Renting for 2019-10-30
892,107,2016-09-09,pln,762.4164595417492,Car Renting for 2016-09-09
893,106,2019-06-21,pln,895.8706432157999,Car Renting for 2019-06-21
894,105,2016-07-24,pln,105.33906562714853,Car Renting for 2016-07-24
895,104,2016-05-30,pln,99.29637467654943,Car Renting for 2016-05-30
896,103,2019-01-07,pln,21.955741055683816,Car Renting for 2019-01-07
897,102,2016-01-04,pln,111.65399229727382,Car Renting for 2016-01-04
898,101,2017-04-25,pln,1088.419795748205,Car Renting for 2017-04-25
899,100,2016-04-21,pln,2402.160075332813,Car Renting for 2016-04-21
900,99,2016-10-09,pln,118.2635063973866,Car Renting for 2016-10-09
901,98,2019-01-16,pln,781.0399073013626,Car Renting for 2019-01-16
902,97,2016-04-24,pln,47.2872885020659,Car Renting for 2016-04-24
903,96,2018-01-07,pln,439.0656529591989,Car Renting for 2018-01-07
904,95,2018-10-12,pln,942.1484371450958,Car Renting for 2018-10-12
905,94,2019-01-20,pln,108.03426126531262,Car Renting for 2019-01-20
906,93,2016-05-15,pln,107.33522325680453,Car Renting for 2016-05-15
907,92,2019-12-28,pln,1227.507975327684,Car Renting for 2019-12-28
908,91,2016-05-28,pln,15.643973276070879,Car Renting for 2016-05-28
909,90,2017-12-08,pln,553.382594834562,Car Renting for 2017-12-08
910,89,2017-02-27,pln,382.25062660428534,Car Renting for 2017-02-27
911,88,2019-10-05,pln,282.62916477035725,Car Renting for 2019-10-05
912,87,2016-05-28,pln,64.81851679007094,Car Renting for 2016-05-28
913,86,2017-03-13,pln,1953.0713798196107,Car Renting for 2017-03-13
914,85,2016-02-26,pln,139.28387241980818,Car Renting for 2016-02-26
915,84,2019-04-28,pln,273.8080398464657,Car Renting for 2019-04-28
916,83,2017-02-12,pln,70.86970827813188,Car Renting for 2017-02-12
917,82,2019-04-14,pln,450.027587280182,Car Renting for 2019-04-14
918,81,2019-08-28,pln,622.4618654405747,Car Renting for 2019-08-28
919,80,2016-08-20,pln,2716.9738002631016,Car Renting for 2016-08-20
920,79,2019-01-15,pln,1289.883040182303,Car Renting for 2019-01-15
921,78,2019-04-06,pln,1088.6094851755602,Car Renting for 2019-04-06
922,77,2018-06-30,pln,306.8015832331498,Car Renting for 2018-06-30
923,76,2017-01-23,pln,2650.208347737521,Car Renting for 2017-01-23
924,75,2017-01-06,pln,427.2254676191988,Car Renting for 2017-01-06
925,74,2016-03-24,pln,167.11567639950712,Car Renting for 2016-03-24
926,73,2016-10-08,pln,2124.1885650394033,Car Renting for 2016-10-08
927,72,2018-12-26,pln,205.65189161061224,Car Renting for 2018-12-26
928,71,2019-01-12,pln,960.4310287208552,Car Renting for 2019-01-12
929,70,2017-10-25,pln,1127.6940026862749,Car Renting for 2017-10-25
930,69,2016-06-04,pln,74.08493925636478,Car Renting for 2016-06-04
931,68,2018-06-09,pln,1391.3978281077461,Car Renting for 2018-06-09
932,67,2019-05-24,pln,227.11732904995648,Car Renting for 2019-05-24
933,66,2019-05-25,pln,2061.937907050995,Car Renting for 2019-05-25
934,65,2017-09-13,pln,2141.470780008971,Car Renting for 2017-09-13
935,64,2016-05-31,pln,58.031479222170276,Car Renting for 2016-05-31
936,63,2016-10-18,pln,217.84282250042594,Car Renting for 2016-10-18
937,62,2019-06-11,pln,288.18921771041306,Car Renting for 2019-06-11
938,61,2019-11-15,pln,323.49523656870974,Car Renting for 2019-11-15
939,60,2016-10-24,pln,475.3955698876912,Car Renting for 2016-10-24
940,59,2016-08-31,pln,550.6984360447667,Car Renting for 2016-08-31
941,58,2018-03-15,pln,506.8871707772379,Car Renting for 2018-03-15
942,57,2016-10-14,pln,1567.4733090080017,Car Renting for 2016-10-14
943,56,2017-08-05,pln,1737.224030208357,Car Renting for 2017-08-05
944,55,2016-06-13,pln,54.36091262821424,Car Renting for 2016-06-13
945,54,2017-01-14,pln,499.00879015515466,Car Renting for 2017-01-14
946,53,2017-05-08,pln,905.4006882911209,Car Renting for 2017-05-08
947,52,2016-06-14,pln,314.89113185930637,Car Renting for 2016-06-14
948,51,2018-12-07,pln,420.51397187194516,Car Renting for 2018-12-07
949,50,2018-10-19,pln,685.174669265891,Car Renting for 2018-10-19
950,49,2016-08-20,pln,1181.5231909846775,Car Renting for 2016-08-20
951,48,2018-01-04,pln,266.43330060177,Car Renting for 2018-01-04
952,47,2016-04-23,pln,425.39965402706883,Car Renting for 2016-04-23
953,46,2019-12-30,pln,28.1677706007428,Car Renting for 2019-12-30
954,45,2019-02-01,pln,392.8251537443323,Car Renting for 2019-02-01
955,44,2019-04-15,pln,175.648503081047,Car Renting for 2019-04-15
956,43,2017-07-23,pln,366.68736662723927,Car Renting for 2017-07-23
957,42,2018-10-20,pln,326.80905968835765,Car Renting for 2018-10-20
958,41,2018-07-18,pln,990.5867960121715,Car Renting for 2018-07-18
959,40,2016-11-21,pln,1897.6210922146483,Car Renting for 2016-11-21
960,39,2019-08-18,pln,735.4464920210767,Car Renting for 2019-08-18
961,38,2016-02-09,pln,1081.6700847662514,Car Renting for 2016-02-09
962,37,2017-06-06,pln,1748.0711195695721,Car Renting for 2017-06-06
963,36,2019-08-31,pln,309.95643689191877,Car Renting for 2019-08-31
964,35,2019-01-07,pln,950.896486300642,Car Renting for 2019-01-07
965,34,2019-12-08,pln,751.5004166600606,Car Renting for 2019-12-08
966,33,2016-12-29,pln,154.08801732326805,Car Renting for 2016-12-29
967,32,2018-09-10,pln,1135.5830770005136,Car Renting for 2018-09-10
968,31,2016-12-16,pln,1198.8665991796365,Car Renting for 2016-12-16
969,30,2017-08-02,pln,707.5358210528295,Car Renting for 2017-08-02
970,29,2018-06-12,pln,480.50173805147494,Car Renting for 2018-06-12
971,28,2018-10-25,pln,1579.6626704821813,Car Renting for 2018-10-25
972,27,2018-05-09,pln,1841.0291483578897,Car Renting for 2018-05-09
973,26,2019-03-07,pln,1123.0905768074442,Car Renting for 2019-03-07
974,25,2018-12-31,pln,1650.0274323386961,Car Renting for 2018-12-31
975,24,2019-03-27,pln,413.7322516436751,Car Renting for 2019-03-27
976,23,2016-11-03,pln,678.1896128599761,Car Renting for 2016-11-03
977,22,2017-10-31,pln,85.71924864110468,Car Renting for 2017-10-31
978,21,2019-02-21,pln,169.5887601029793,Car Renting for 2019-02-21
979,20,2017-05-02,pln,0.3927099059373085,Car Renting for 2017-05-02
980,19,2016-12-31,pln,237.46723458529888,Car Renting for 2016-12-31
981,18,2017-12-22,pln,561.3095187117756,Car Renting for 2017-12-22
982,17,2019-08-10,pln,138.6245288703719,Car Renting for 2019-08-10
983,16,2016-09-07,pln,88.69186915459194,Car Renting for 2016-09-07
984,15,2017-06-21,pln,1304.6706081264813,Car Renting for 2017-06-21
985,14,2019-03-25,pln,1215.5707625351629,Car Renting for 2019-03-25
986,13,2016-05-22,pln,62.4907137126669,Car Renting for 2016-05-22
987,12,2017-04-27,pln,1669.027738534661,Car Renting for 2017-04-27
988,11,2018-10-21,pln,1472.412170262121,Car Renting for 2018-10-21
989,10,2016-11-22,pln,462.9272886444488,Car Renting for 2016-11-22
990,9,2016-07-31,pln,823.2270782923079,Car Renting for 2016-07-31
991,8,2019-08-23,pln,639.3261409434347,Car Renting for 2019-08-23
992,7,2017-11-17,pln,633.933107441168,Car Renting for 2017-11-17
993,6,2018-09-12,pln,905.4925457718407,Car Renting for 2018-09-12
994,5,2016-03-10,pln,922.0388247348985,Car Renting for 2016-03-10
995,4,2016-10-16,pln,17.032036313607524,Car Renting for 2016-10-16
996,3,2016-01-15,pln,385.4019498620419,Car Renting for 2016-01-15
997,2,2018-07-06,pln,1520.8381078906873,Car Renting for 2018-07-06
998,1,2018-09-23,pln,595.6354075189852,Car Renting for 2018-09-23
999,0,2017-04-07,pln,533.1389073806059,Car Renting for 2017-04-07
