id,renter,start_station_id,start_date,end_station_id,end_date,car_plate_number
0,36,9,2017-04-07 18:43:04,79,2017-04-07 20:59:04,LRD 6T52
1,15,55,2018-09-23 10:00:08,75,2018-09-23 12:32:08,FHQ JD77
2,3,85,2018-07-06 12:34:24,98,2018-07-06 15:17:24,CLV 8M64
3,76,94,2016-01-15 07:50:37,76,2016-01-15 09:18:37,UM 2XE10
4,96,44,2016-10-16 05:54:13,80,2016-10-16 07:14:13,EJ 10122
5,2,79,2016-03-10 19:27:10,94,2016-03-10 21:32:10,PMZ LE23
6,81,71,2018-09-12 10:14:39,43,2018-09-12 13:35:39,CU 5B574
7,9,73,2017-11-17 22:45:34,17,2017-11-18 02:06:34,SCZ 1F62
8,29,99,2019-08-23 09:05:08,33,2019-08-23 10:56:08,JFJ 20HO
9,63,18,2016-07-31 11:27:33,32,2016-07-31 13:18:33,OJX 21468
10,45,11,2016-11-22 21:21:30,20,2016-11-22 23:32:30,SG 627OD
11,73,69,2018-10-21 08:10:52,89,2018-10-21 11:51:52,SPV 4211F
12,19,54,2017-04-27 10:45:25,17,2017-04-27 15:44:25,SJ 69032
13,68,93,2016-05-22 14:54:49,30,2016-05-22 16:45:49,EWG 5566J
14,40,97,2019-03-25 16:31:42,8,2019-03-25 20:44:42,BXM 48S7
15,17,38,2017-06-21 05:25:41,20,2017-06-21 07:47:41,CU 5B574
16,91,50,2016-09-07 12:18:46,60,2016-09-07 12:36:46,SEB 754TY
17,51,92,2019-08-10 18:01:27,90,2019-08-10 19:00:27,EQ 5YV89
18,29,59,2017-12-22 07:25:27,21,2017-12-22 10:26:27,JM 81413
19,51,86,2016-12-31 16:40:51,69,2016-12-31 17:09:51,NNA 04852
20,1,98,2017-05-02 10:16:57,46,2017-05-02 12:15:57,TXU 00L3
21,8,61,2019-02-21 21:47:57,83,2019-02-22 00:38:57,XOM 430HV
22,41,22,2017-10-31 07:08:23,16,2017-10-31 08:36:23,YLS X697
23,3,52,2016-11-03 20:31:36,73,2016-11-03 22:41:36,ZXN 178JJ
24,75,5,2019-03-27 14:38:30,8,2019-03-27 19:26:30,ETJ 58N3
25,48,87,2018-12-31 19:32:14,34,2018-12-31 23:32:14,UM 2XE10
26,99,20,2019-03-07 07:29:16,21,2019-03-07 12:17:16,ULO 9G37
27,62,32,2018-05-09 01:55:33,60,2018-05-09 06:55:33,WE 869ST
28,33,3,2018-10-25 23:28:00,44,2018-10-26 04:28:00,QQK 4886I
29,6,9,2018-06-12 08:48:22,27,2018-06-12 10:31:22,TXU 00L3
30,37,80,2017-08-02 15:00:27,99,2017-08-02 17:01:27,WG 766VP
31,77,40,2016-12-16 08:31:33,68,2016-12-16 10:48:33,ETJ 58N3
32,55,92,2018-09-10 20:14:29,76,2018-09-10 22:46:29,RF 7059G
33,58,1,2016-12-29 00:38:50,19,2016-12-29 04:05:50,QD 8HF20
34,75,16,2019-12-08 14:04:13,88,2019-12-08 16:01:13,CUU 820FA
35,68,16,2019-01-07 01:42:20,85,2019-01-07 05:56:20,IBB 2J19
36,32,14,2019-08-31 21:19:21,76,2019-09-01 02:17:21,DQ 248YJ
37,24,21,2017-06-06 11:10:54,21,2017-06-06 14:25:54,QWS 372BJ
38,38,13,2016-02-09 22:11:30,11,2016-02-10 01:38:30,FJU 4CD9
39,78,52,2019-08-18 04:27:43,37,2019-08-18 05:42:43,ROK 63JO
40,50,26,2016-11-21 15:10:02,46,2016-11-21 19:15:02,RZG E322
41,74,71,2018-07-18 02:56:26,65,2018-07-18 06:05:26,BE 035ZW
42,94,22,2018-10-20 11:13:43,90,2018-10-20 13:36:43,NIG 6EH2
43,56,34,2017-07-23 04:07:41,68,2017-07-23 08:43:41,EQ 5YV89
44,7,22,2019-04-15 21:15:14,91,2019-04-15 23:00:14,KJV 9M17
45,24,25,2019-02-01 02:06:47,29,2019-02-01 06:23:47,BH 423WF
46,85,4,2019-12-30 02:06:23,24,2019-12-30 04:40:23,DQ 248YJ
47,34,30,2016-04-23 11:15:54,93,2016-04-23 12:45:54,EH 464YL
48,98,19,2018-01-04 02:13:54,65,2018-01-04 02:57:54,QD 8HF20
49,50,87,2016-08-20 12:49:52,90,2016-08-20 15:26:52,IOX SL81
50,21,28,2018-10-19 13:29:02,69,2018-10-19 16:52:02,PMZ LE23
51,37,1,2018-12-07 07:25:08,48,2018-12-07 10:39:08,TQY 440EQ
52,33,12,2016-06-14 21:18:57,1,2016-06-14 22:36:57,ROK 63JO
53,59,11,2017-05-08 07:33:04,87,2017-05-08 12:10:04,GQ 99616
54,15,51,2017-01-14 08:33:26,49,2017-01-14 12:48:26,KMO P825
55,3,2,2016-06-13 15:57:31,37,2016-06-13 17:56:31,KVF 8821N
56,90,90,2017-08-05 15:57:52,88,2017-08-05 20:21:52,FJU 4CD9
57,54,64,2016-10-14 08:02:49,1,2016-10-14 11:35:49,WAE 0197T
58,17,18,2018-03-15 00:06:25,38,2018-03-15 01:00:25,UDE 5Z78
59,88,41,2016-08-31 08:51:29,34,2016-08-31 10:55:29,DQ 248YJ
60,5,96,2016-10-24 06:04:19,69,2016-10-24 09:32:19,FJU 4CD9
61,53,22,2019-11-15 03:49:57,72,2019-11-15 05:10:57,SJ 69032
62,67,41,2019-06-11 19:11:58,12,2019-06-11 23:32:58,GQ 99616
63,81,44,2016-10-18 10:59:07,80,2016-10-18 13:18:07,RZG E322
64,66,6,2016-05-31 19:46:11,84,2016-05-31 19:54:11,WE 869ST
65,69,23,2017-09-13 17:26:16,57,2017-09-13 21:17:16,LRD 6T52
66,55,19,2019-05-25 14:05:40,63,2019-05-25 18:26:40,BXM 48S7
67,96,71,2019-05-24 08:08:10,20,2019-05-24 09:37:10,LJE 45111
68,81,73,2018-06-09 05:30:28,44,2018-06-09 09:32:28,CU 5B574
69,61,0,2016-06-04 07:59:23,57,2016-06-04 08:31:23,ZYE 2I72
70,18,62,2017-10-25 12:11:12,69,2017-10-25 14:27:12,EXC 3JJ9
71,26,31,2019-01-12 12:50:43,98,2019-01-12 14:28:43,AD 6869I
72,68,75,2018-12-26 01:51:19,32,2018-12-26 03:29:19,EWG 5566J
73,52,89,2016-10-08 21:25:04,79,2016-10-09 01:04:04,EH 464YL
74,51,29,2016-03-24 13:14:01,12,2016-03-24 16:35:01,LRD 6T52
75,22,79,2017-01-06 07:10:53,60,2017-01-06 09:07:53,MD 3157B
76,18,88,2017-01-23 20:33:04,64,2017-01-24 01:18:04,DM 0C935
77,76,23,2018-06-30 17:36:33,68,2018-06-30 21:42:33,CUU 820FA
78,53,95,2019-04-06 06:48:56,54,2019-04-06 09:38:56,PJ 6701U
79,89,94,2019-01-15 10:49:02,91,2019-01-15 15:18:02,NNA 04852
80,68,7,2016-08-20 20:28:31,44,2016-08-21 01:25:31,MR 25334
81,17,13,2019-08-28 03:10:46,3,2019-08-28 05:16:46,TG 515KX
82,74,33,2019-04-14 17:28:11,88,2019-04-14 19:55:11,NA 77233
83,0,62,2017-02-12 06:41:02,73,2017-02-12 06:53:02,ROK 63JO
84,54,30,2019-04-28 08:39:34,73,2019-04-28 09:10:34,LT 39256
85,51,38,2016-02-26 16:20:38,27,2016-02-26 19:13:38,OJX 21468
86,79,59,2017-03-13 14:41:25,91,2017-03-13 18:02:25,BXM 48S7
87,1,89,2016-05-28 02:51:22,38,2016-05-28 02:58:22,OMK 0K34
88,59,30,2019-10-05 01:28:12,7,2019-10-05 02:21:12,NM 610LL
89,76,83,2017-02-27 11:31:06,82,2017-02-27 13:20:06,EXC 3JJ9
90,98,34,2017-12-08 08:17:05,98,2017-12-08 10:18:05,MD 3157B
91,35,74,2016-05-28 09:14:12,6,2016-05-28 09:23:12,JM 81413
92,72,65,2019-12-28 19:25:24,43,2019-12-28 22:42:24,FQ 1LQ14
93,28,98,2016-05-15 07:09:09,43,2016-05-15 08:35:09,FSC 4303M
94,53,43,2019-01-20 03:35:17,27,2019-01-20 05:40:17,SG 627OD
95,93,4,2018-10-12 10:19:27,99,2018-10-12 14:39:27,EE 6NZ73
96,37,94,2018-01-07 09:04:36,2,2018-01-07 10:12:36,YHC 2598I
97,12,3,2016-04-24 17:05:59,94,2016-04-24 17:44:59,JFJ 20HO
98,24,16,2019-01-16 07:32:38,25,2019-01-16 11:28:38,KVF 8821N
99,97,87,2016-10-09 06:16:39,89,2016-10-09 10:50:39,MD 3157B
100,81,98,2016-04-21 09:50:16,96,2016-04-21 13:56:16,QWS 372BJ
101,55,59,2017-04-25 22:31:36,34,2017-04-26 02:32:36,QZX 48MB
102,56,27,2016-01-04 12:23:10,19,2016-01-04 17:00:10,RF 7059G
103,77,31,2019-01-07 02:19:57,48,2019-01-07 02:38:57,NL 8759E
104,48,98,2016-05-30 02:37:39,4,2016-05-30 03:16:39,JL 5GW33
105,29,12,2016-07-24 17:20:08,31,2016-07-24 18:32:08,KJV 9M17
106,46,24,2019-06-21 15:02:34,3,2019-06-21 18:23:34,ANZ TB24
107,11,69,2016-09-09 10:47:32,45,2016-09-09 13:15:32,ULO 9G37
108,5,63,2019-10-30 09:34:51,9,2019-10-30 13:09:51,ROK 63JO
109,74,53,2016-12-23 21:34:06,46,2016-12-23 23:14:06,AD 6869I
110,83,0,2018-11-05 18:14:10,97,2018-11-05 19:24:10,CU 5B574
111,58,98,2016-10-31 10:54:48,3,2016-10-31 14:18:48,TXU 00L3
112,30,88,2017-08-08 07:07:49,67,2017-08-08 07:31:49,SAS 2TC5
113,37,58,2016-08-29 18:10:35,59,2016-08-29 20:11:35,NA 77233
114,91,63,2017-11-12 14:14:01,45,2017-11-12 15:38:01,QD 8HF20
115,96,5,2016-03-05 10:45:28,26,2016-03-05 14:10:28,TG 515KX
116,13,1,2016-05-08 21:56:59,63,2016-05-09 01:20:59,OMK 0K34
117,42,37,2017-04-18 13:39:18,12,2017-04-18 18:36:18,FQ 1LQ14
118,72,76,2018-03-16 18:06:15,0,2018-03-16 18:52:15,NIG 6EH2
119,0,70,2019-03-30 15:12:24,29,2019-03-30 19:47:24,NIG 6EH2
120,72,96,2019-08-03 23:18:52,6,2019-08-03 23:33:52,OJX 21468
121,61,41,2019-12-30 22:20:21,60,2019-12-30 23:45:21,EH 464YL
122,57,61,2019-07-21 12:20:53,87,2019-07-21 16:23:53,SEB 754TY
123,67,54,2016-11-27 03:46:09,18,2016-11-27 05:38:09,EJ 10122
124,67,67,2016-12-14 14:54:42,24,2016-12-14 18:53:42,CT 0G163
125,50,86,2018-06-08 03:06:07,79,2018-06-08 06:45:07,CU 5B574
126,85,29,2016-01-09 21:43:03,9,2016-01-09 21:56:03,TG 58727
127,94,6,2019-07-23 07:41:07,41,2019-07-23 08:35:07,YLS X697
128,30,71,2019-12-07 00:26:41,33,2019-12-07 00:56:41,IOX SL81
129,61,65,2019-02-17 02:11:06,6,2019-02-17 05:58:06,ST 8479R
130,39,52,2016-07-20 17:59:34,65,2016-07-20 20:23:34,SPV 4211F
131,38,13,2017-01-24 06:37:34,45,2017-01-24 06:49:34,FK 3PA12
132,74,44,2018-01-25 20:40:06,32,2018-01-25 21:07:06,ZYE 2I72
133,35,33,2018-08-29 03:25:16,65,2018-08-29 06:54:16,KVF 8821N
134,1,40,2016-05-13 20:38:58,71,2016-05-13 20:51:58,CU 5B574
135,90,16,2016-10-20 09:50:04,37,2016-10-20 11:03:04,NL 8759E
136,33,17,2016-08-26 00:54:05,79,2016-08-26 03:00:05,QWS 372BJ
137,61,80,2018-03-18 06:33:34,21,2018-03-18 09:13:34,TG 58727
138,54,56,2018-10-30 12:05:50,74,2018-10-30 16:33:50,DQ 248YJ
139,29,28,2018-02-06 09:22:41,89,2018-02-06 12:57:41,NM 610LL
140,71,84,2017-05-20 16:21:14,82,2017-05-20 19:04:14,HSX 0Q24
141,93,99,2017-07-30 09:23:44,33,2017-07-30 12:16:44,NKD 6UT4
142,91,27,2018-10-18 07:43:35,13,2018-10-18 09:37:35,SCZ 1F62
143,19,20,2018-02-25 06:08:24,83,2018-02-25 11:03:24,YLS X697
144,17,63,2016-02-16 09:32:23,40,2016-02-16 13:38:23,ANZ TB24
145,99,30,2019-12-12 04:27:16,43,2019-12-12 08:15:16,SEB 754TY
146,94,92,2018-02-22 19:45:22,98,2018-02-22 21:10:22,MR 25334
147,67,76,2018-01-23 09:19:21,25,2018-01-23 11:29:21,FQ 3510X
148,35,0,2016-07-07 16:49:45,87,2016-07-07 21:47:45,WSY 16757
149,55,18,2016-06-11 01:34:58,40,2016-06-11 06:27:58,NNA 04852
150,37,52,2019-12-26 01:19:23,32,2019-12-26 04:46:23,IOX SL81
151,11,65,2018-11-19 10:03:22,43,2018-11-19 14:01:22,YLS X697
152,96,63,2016-10-29 14:49:10,5,2016-10-29 19:09:10,QWS 372BJ
153,62,40,2017-12-23 17:19:53,80,2017-12-23 17:34:53,WAE 0197T
154,79,38,2018-10-05 05:35:12,48,2018-10-05 07:57:12,FQ 3510X
155,17,83,2019-04-16 13:29:51,71,2019-04-16 15:48:51,CU 5B574
156,69,1,2019-11-16 02:34:39,71,2019-11-16 04:56:39,YHC 2598I
157,86,19,2017-01-29 22:43:21,75,2017-01-30 01:15:21,NA 77233
158,52,99,2017-12-28 22:02:52,9,2017-12-29 00:50:52,DM 0C935
159,23,0,2016-10-27 20:40:54,35,2016-10-28 00:04:54,NKD 6UT4
160,20,93,2016-09-06 15:09:06,43,2016-09-06 17:36:06,YLS X697
161,60,99,2017-05-18 16:41:04,66,2017-05-18 20:44:04,WL 2V338
162,97,16,2017-10-08 13:18:03,11,2017-10-08 16:39:03,TG 515KX
163,69,41,2019-01-23 08:27:08,1,2019-01-23 11:34:08,SZE 4Z37
164,49,16,2017-08-01 09:15:22,76,2017-08-01 12:46:22,OMK 0K34
165,63,91,2019-04-19 20:03:38,65,2019-04-19 20:11:38,EW 739IC
166,83,62,2018-11-10 04:21:38,57,2018-11-10 06:03:38,NL 8759E
167,22,48,2017-05-18 12:10:57,59,2017-05-18 15:10:57,MA 1SW14
168,65,47,2018-01-15 06:49:06,17,2018-01-15 09:40:06,KMO P825
169,31,10,2017-09-22 19:16:16,17,2017-09-22 23:31:16,SJ 69032
170,32,43,2019-04-11 11:14:56,53,2019-04-11 14:53:56,QZX 48MB
171,9,43,2019-09-03 03:24:33,3,2019-09-03 03:46:33,SJ 69032
172,38,69,2016-01-03 12:31:58,73,2016-01-03 15:58:58,MA 1SW14
173,2,6,2016-11-22 23:33:25,87,2016-11-23 00:35:25,UM 2XE10
174,99,47,2019-02-09 16:41:13,66,2019-02-09 18:44:13,QQK 4886I
175,9,18,2019-10-19 17:30:56,50,2019-10-19 21:21:56,PAP 2N46
176,34,18,2017-12-27 10:30:18,90,2017-12-27 14:25:18,SEB 754TY
177,53,85,2016-01-24 23:01:18,15,2016-01-25 00:51:18,FQ 1LQ14
178,64,96,2018-06-22 11:05:58,8,2018-06-22 13:06:58,WEQ 18P7
179,26,49,2017-05-03 12:52:39,80,2017-05-03 13:35:39,MD 3157B
180,47,7,2019-12-28 04:57:12,93,2019-12-28 06:22:12,FHQ JD77
181,59,73,2018-02-14 07:37:33,75,2018-02-14 11:07:33,IOX SL81
182,41,24,2019-07-29 02:00:34,88,2019-07-29 03:12:34,LRD 6T52
183,71,43,2016-12-08 11:41:53,31,2016-12-08 12:30:53,KXK 7FR9
184,26,48,2019-09-11 19:27:18,78,2019-09-11 21:38:18,CLV 8M64
185,81,12,2017-03-31 12:54:37,95,2017-03-31 13:57:37,ETJ 58N3
186,66,8,2017-10-26 14:40:40,98,2017-10-26 15:02:40,DKG 1MH8
187,4,6,2016-01-21 05:00:48,81,2016-01-21 05:33:48,KDS 980MJ
188,62,38,2017-08-08 02:48:24,61,2017-08-08 07:26:24,NKD 6UT4
189,30,31,2017-05-25 02:15:23,92,2017-05-25 06:22:23,VRI 2GV9
190,4,50,2018-02-03 18:39:31,71,2018-02-03 22:25:31,CT 0G163
191,67,67,2016-01-07 15:42:13,74,2016-01-07 18:45:13,ETJ 58N3
192,42,96,2019-07-03 07:55:55,81,2019-07-03 09:18:55,KJV 9M17
193,63,85,2016-12-31 06:19:29,90,2016-12-31 07:55:29,ZXN 178JJ
194,70,72,2019-09-06 08:03:18,72,2019-09-06 12:27:18,SCZ 1F62
195,3,97,2016-10-20 22:23:01,24,2016-10-21 03:06:01,PAP 2N46
196,90,47,2016-11-17 01:31:06,41,2016-11-17 03:34:06,RG 0RL71
197,54,77,2018-11-14 06:51:31,52,2018-11-14 10:47:31,DKG 1MH8
198,74,77,2018-04-18 16:56:45,45,2018-04-18 21:22:45,ZYE 2I72
199,98,99,2017-05-31 16:09:15,62,2017-05-31 20:14:15,LJE 45111
200,83,81,2019-04-01 21:57:27,88,2019-04-01 23:01:27,BXM 48S7
201,31,49,2018-04-16 11:46:31,56,2018-04-16 14:44:31,TWJ 2C06
202,15,44,2018-02-28 01:13:27,40,2018-02-28 05:48:27,ULO 9G37
203,0,19,2017-01-06 00:15:44,88,2017-01-06 04:46:44,WJ 2PG16
204,46,6,2019-07-12 10:26:40,22,2019-07-12 14:23:40,EW 739IC
205,27,90,2018-04-01 18:26:23,38,2018-04-01 23:22:23,FQ 1LQ14
206,28,90,2017-03-16 12:48:37,82,2017-03-16 13:21:37,TG 515KX
207,65,28,2017-11-06 18:09:02,55,2017-11-06 20:01:02,KJV 9M17
208,15,4,2018-03-25 18:04:27,27,2018-03-25 21:34:27,DKG 1MH8
209,60,42,2017-09-26 20:09:39,35,2017-09-26 23:18:39,WSY 16757
210,50,11,2017-04-19 02:51:53,60,2017-04-19 04:52:53,PAP 2N46
211,24,84,2016-07-17 19:11:08,27,2016-07-17 23:28:08,ZXN 178JJ
212,79,81,2019-04-09 11:48:31,12,2019-04-09 15:20:31,XOM 430HV
213,31,76,2017-02-26 21:53:43,9,2017-02-26 22:20:43,KJV 9M17
214,47,50,2018-10-10 06:27:41,55,2018-10-10 09:39:41,EE 6NZ73
215,92,0,2018-04-25 06:25:06,63,2018-04-25 09:03:06,ANZ TB24
216,2,82,2016-10-19 20:12:01,68,2016-10-20 00:52:01,RF 7059G
217,26,0,2019-05-15 17:03:17,48,2019-05-15 19:57:17,NL 8759E
218,81,41,2018-05-21 22:32:08,14,2018-05-22 00:13:08,ETJ 58N3
219,64,51,2018-09-16 07:17:53,81,2018-09-16 11:51:53,IOX SL81
220,34,54,2016-07-21 03:37:37,36,2016-07-21 07:04:37,DKG 1MH8
221,65,25,2019-09-27 06:06:43,89,2019-09-27 11:06:43,EXC 3JJ9
222,32,10,2016-11-17 22:12:35,0,2016-11-18 00:58:35,UM 2XE10
223,45,54,2018-03-26 04:49:22,18,2018-03-26 08:12:22,FQ 1LQ14
224,42,34,2018-02-07 22:52:13,79,2018-02-08 00:18:13,ANZ TB24
225,83,65,2017-02-05 18:00:39,36,2017-02-05 20:50:39,EWG 5566J
226,21,18,2017-03-07 05:29:26,56,2017-03-07 09:11:26,MA 1SW14
227,10,29,2019-05-25 08:39:59,12,2019-05-25 11:02:59,SAS 2TC5
228,7,40,2016-01-10 12:26:11,71,2016-01-10 13:19:11,WAE 0197T
229,23,43,2018-03-09 17:07:23,12,2018-03-09 20:03:23,DKG 1MH8
230,21,48,2018-06-17 16:23:57,89,2018-06-17 18:14:57,IBB 2J19
231,46,47,2019-12-07 05:46:01,82,2019-12-07 09:14:01,ZYE 2I72
232,12,70,2017-02-16 10:59:30,45,2017-02-16 12:30:30,DQ 248YJ
233,66,8,2016-05-02 17:45:31,98,2016-05-02 19:24:31,CUU 820FA
234,73,55,2019-12-23 05:04:13,49,2019-12-23 05:39:13,NA 77233
235,44,4,2017-02-09 21:35:13,81,2017-02-10 01:17:13,PJ 6701U
236,95,17,2019-05-07 17:30:16,13,2019-05-07 22:23:16,DTK FR35
237,41,55,2018-01-11 17:23:21,73,2018-01-11 19:45:21,FQ 3510X
238,82,22,2019-09-24 08:51:53,5,2019-09-24 10:22:53,GQ 99616
239,76,30,2018-02-26 06:56:54,62,2018-02-26 11:04:54,TQY 440EQ
240,6,48,2016-07-12 13:54:21,74,2016-07-12 15:57:21,QZX 48MB
241,20,74,2018-06-03 14:57:57,31,2018-06-03 15:27:57,RZG E322
242,64,2,2018-11-26 11:39:09,30,2018-11-26 15:50:09,EQ 5YV89
243,28,61,2016-03-01 05:12:14,11,2016-03-01 08:41:14,CUU 820FA
244,12,1,2019-06-21 08:35:06,48,2019-06-21 13:22:06,CT 0G163
245,24,76,2016-10-18 00:54:38,0,2016-10-18 03:19:38,WE 869ST
246,17,90,2018-10-02 05:52:41,37,2018-10-02 08:19:41,FSC 4303M
247,1,31,2018-01-16 15:40:58,78,2018-01-16 19:26:58,QQK 4886I
248,74,76,2017-05-15 13:44:50,87,2017-05-15 14:43:50,EW 739IC
249,6,44,2019-03-22 19:46:19,38,2019-03-22 23:06:19,TG 515KX
250,55,91,2017-03-23 13:39:31,26,2017-03-23 18:21:31,PMZ LE23
251,45,65,2018-02-04 11:41:43,90,2018-02-04 15:02:43,EH 464YL
252,23,42,2019-03-14 09:32:43,96,2019-03-14 10:27:43,FK 3PA12
253,61,92,2017-12-11 23:40:49,53,2017-12-12 04:24:49,PJ 6701U
254,0,60,2018-07-17 17:25:22,23,2018-07-17 20:28:22,ETJ 58N3
255,61,17,2016-12-10 00:39:15,16,2016-12-10 04:25:15,ULO 9G37
256,11,46,2017-06-27 00:26:53,54,2017-06-27 02:27:53,YU 820UV
257,38,27,2019-10-12 06:26:00,85,2019-10-12 11:16:00,ANZ TB24
258,88,56,2018-10-09 01:42:35,75,2018-10-09 03:15:35,RZG E322
259,98,4,2019-09-22 20:32:15,91,2019-09-22 23:07:15,EW 739IC
260,58,52,2019-02-15 20:18:05,54,2019-02-15 21:32:05,WG 766VP
261,47,74,2018-11-24 00:18:25,94,2018-11-24 04:17:25,EWG 5566J
262,11,43,2017-10-30 22:07:38,77,2017-10-31 02:55:38,WL 2V338
263,68,40,2016-11-02 07:34:23,39,2016-11-02 12:01:23,NNA 04852
264,12,96,2018-07-26 15:23:51,71,2018-07-26 20:11:51,FK 3PA12
265,13,79,2016-11-25 22:21:12,65,2016-11-26 00:16:12,KJV 9M17
266,6,90,2018-06-11 08:29:09,13,2018-06-11 13:10:09,FJU 4CD9
267,48,3,2019-08-19 15:19:39,89,2019-08-19 19:01:39,NIG 6EH2
268,34,20,2018-08-27 05:02:24,24,2018-08-27 09:58:24,VRI 2GV9
269,49,18,2016-06-27 16:32:49,95,2016-06-27 16:59:49,YU 820UV
270,2,91,2016-02-16 01:51:23,76,2016-02-16 02:16:23,LT 39256
271,52,30,2017-06-04 13:10:39,61,2017-06-04 15:32:39,QZX 48MB
272,78,58,2019-11-24 16:30:19,1,2019-11-24 16:35:19,YHC 2598I
273,21,0,2018-09-14 02:32:24,2,2018-09-14 06:03:24,ZXN 178JJ
274,17,36,2017-01-16 17:15:50,36,2017-01-16 20:13:50,SPV 4211F
275,54,49,2016-07-20 19:01:00,56,2016-07-20 20:09:00,XOJ 39684
276,6,93,2017-02-26 05:15:32,95,2017-02-26 06:20:32,MD 3157B
277,58,82,2018-09-09 05:17:30,99,2018-09-09 08:44:30,DTK FR35
278,40,1,2018-07-21 00:38:03,6,2018-07-21 00:58:03,TG 58727
279,39,87,2018-01-02 14:46:35,84,2018-01-02 14:52:35,NKD 6UT4
280,68,49,2017-01-10 11:22:00,95,2017-01-10 15:16:00,ST 8479R
281,79,48,2017-10-07 10:01:11,45,2017-10-07 10:30:11,TQY 440EQ
282,8,85,2016-09-29 23:46:28,71,2016-09-30 02:35:28,RZG E322
283,49,29,2016-09-12 00:11:01,57,2016-09-12 01:43:01,QZX 48MB
284,1,44,2019-08-15 23:33:26,85,2019-08-16 03:29:26,SCZ 1F62
285,3,97,2019-01-31 08:42:31,75,2019-01-31 09:13:31,TXU 00L3
286,90,7,2017-10-30 11:31:21,99,2017-10-30 15:49:21,XOM 430HV
287,38,26,2019-07-25 02:23:50,30,2019-07-25 05:41:50,LJE 45111
288,4,13,2017-03-13 07:17:02,24,2017-03-13 08:46:02,CT 0G163
289,36,36,2018-12-08 05:56:29,91,2018-12-08 07:29:29,XOM 430HV
290,91,35,2017-07-21 17:52:42,94,2017-07-21 22:01:42,TG 515KX
291,71,71,2016-08-28 19:03:36,10,2016-08-28 23:48:36,MR 25334
292,93,37,2016-02-06 14:41:22,19,2016-02-06 17:46:22,ANZ TB24
293,45,7,2018-01-23 14:31:42,78,2018-01-23 16:18:42,KMO P825
294,38,23,2017-10-15 07:19:21,81,2017-10-15 09:45:21,QQK 4886I
295,88,28,2017-10-17 11:50:43,43,2017-10-17 13:43:43,CT 0G163
296,50,57,2018-06-17 10:40:29,54,2018-06-17 11:24:29,EE 6NZ73
297,42,20,2017-07-23 20:00:57,18,2017-07-23 20:57:57,GQ 99616
298,37,12,2018-11-23 12:38:28,45,2018-11-23 13:52:28,MR 25334
299,35,31,2018-05-03 05:27:48,64,2018-05-03 09:35:48,QZX 48MB
300,47,8,2016-06-08 08:04:29,71,2016-06-08 08:58:29,SAS 2TC5
301,66,4,2017-10-22 05:14:01,81,2017-10-22 09:45:01,FQ 1LQ14
302,30,4,2019-09-14 17:30:12,90,2019-09-14 18:24:12,FQ 3510X
303,54,2,2017-02-12 01:23:35,24,2017-02-12 05:36:35,EXC 3JJ9
304,0,13,2017-12-20 07:59:19,28,2017-12-20 10:51:19,IBB 2J19
305,44,8,2018-12-29 16:23:52,42,2018-12-29 16:56:52,QWS 372BJ
306,26,19,2018-07-23 11:44:49,50,2018-07-23 12:10:49,QWS 372BJ
307,36,49,2017-07-04 15:15:12,27,2017-07-04 17:11:12,EJ 10122
308,13,39,2017-09-23 20:51:52,0,2017-09-23 23:42:52,RG 0RL71
309,41,78,2019-11-14 12:12:32,12,2019-11-14 16:04:32,MR 25334
310,65,58,2018-10-10 10:02:13,87,2018-10-10 10:14:13,NIG 6EH2
311,46,40,2017-11-29 12:32:31,13,2017-11-29 13:53:31,TWJ 2C06
312,14,14,2018-07-15 23:34:07,9,2018-07-15 23:42:07,QQK 4886I
313,22,3,2017-03-30 21:13:15,17,2017-03-30 23:40:15,WL 2V338
314,88,15,2017-03-06 19:59:02,19,2017-03-06 22:39:02,NKD 6UT4
315,66,61,2016-01-26 17:24:15,15,2016-01-26 18:19:15,UDE 5Z78
316,5,63,2018-03-29 23:20:57,51,2018-03-30 02:21:57,SAS 2TC5
317,87,10,2019-08-03 07:12:44,39,2019-08-03 12:02:44,KDS 980MJ
318,79,76,2017-02-01 00:00:39,3,2017-02-01 04:38:39,EH 464YL
319,82,24,2019-05-29 10:08:54,40,2019-05-29 14:01:54,RZG E322
320,80,23,2019-12-02 15:34:37,10,2019-12-02 19:23:37,SPV 4211F
321,83,20,2018-11-18 12:14:36,5,2018-11-18 16:58:36,WG 766VP
322,62,92,2017-07-19 03:24:55,28,2017-07-19 08:24:55,KMO P825
323,24,43,2016-01-28 22:12:39,20,2016-01-29 00:25:39,WJ 2PG16
324,14,34,2018-09-15 20:44:59,41,2018-09-15 22:06:59,DKG 1MH8
325,68,4,2017-12-01 14:01:55,15,2017-12-01 17:51:55,RZG E322
326,99,88,2016-05-12 17:56:11,65,2016-05-12 21:45:11,FSC 4303M
327,68,70,2019-06-16 09:42:03,91,2019-06-16 13:26:03,PJ 6701U
328,34,39,2016-12-24 19:27:27,88,2016-12-24 20:21:27,EW 739IC
329,43,65,2017-01-12 01:12:07,0,2017-01-12 01:27:07,EWG 5566J
330,27,96,2016-06-22 01:51:29,23,2016-06-22 05:08:29,DTK FR35
331,63,41,2018-08-28 20:02:34,4,2018-08-28 21:40:34,FHQ JD77
332,75,44,2016-09-02 15:04:54,4,2016-09-02 17:52:54,SCZ 1F62
333,69,89,2019-07-20 01:31:19,8,2019-07-20 05:05:19,CU 5B574
334,46,47,2019-09-12 03:14:38,6,2019-09-12 05:09:38,IBB 2J19
335,41,27,2018-06-26 09:11:08,68,2018-06-26 10:33:08,CT 0G163
336,75,49,2017-01-21 03:38:56,9,2017-01-21 06:17:56,ROK 63JO
337,30,20,2017-11-03 05:54:58,58,2017-11-03 06:55:58,DM 0C935
338,99,3,2016-05-05 06:44:16,65,2016-05-05 11:04:16,ZXN 178JJ
339,27,98,2018-10-19 03:45:14,15,2018-10-19 08:13:14,NNA 04852
340,46,34,2019-12-18 23:27:39,27,2019-12-18 23:55:39,CU 5B574
341,92,89,2019-03-21 01:48:53,58,2019-03-21 05:20:53,SZE 4Z37
342,81,99,2017-05-14 09:09:17,4,2017-05-14 09:33:17,MR 25334
343,22,97,2016-06-26 06:11:09,65,2016-06-26 07:19:09,EH 464YL
344,51,0,2019-12-13 03:35:00,37,2019-12-13 05:34:00,VRI 2GV9
345,81,98,2018-07-13 21:44:09,71,2018-07-14 01:11:09,CUU 820FA
346,65,56,2016-07-04 17:23:03,35,2016-07-04 19:37:03,SPV 4211F
347,44,76,2019-12-14 01:29:54,22,2019-12-14 03:51:54,QQK 4886I
348,25,86,2016-07-21 11:52:44,96,2016-07-21 15:51:44,SCZ 1F62
349,95,29,2019-07-09 11:28:18,86,2019-07-09 15:08:18,WE 869ST
350,12,11,2017-12-22 22:55:30,38,2017-12-23 01:32:30,RF 7059G
351,39,61,2017-01-21 22:35:16,32,2017-01-22 00:06:16,EE 6NZ73
352,42,99,2018-09-08 13:27:15,84,2018-09-08 16:38:15,FQ 1LQ14
353,11,16,2016-08-16 01:11:03,72,2016-08-16 03:30:03,EQ 5YV89
354,6,98,2018-10-18 13:15:52,14,2018-10-18 14:04:52,ZXN 178JJ
355,31,2,2018-03-09 18:41:09,1,2018-03-09 20:49:09,WSY 16757
356,72,33,2018-12-29 12:15:16,66,2018-12-29 14:57:16,ANZ TB24
357,97,52,2017-04-25 03:18:17,83,2017-04-25 05:39:17,ULO 9G37
358,47,16,2018-10-19 01:32:26,59,2018-10-19 04:55:26,SG 627OD
359,24,13,2017-10-08 05:55:35,45,2017-10-08 10:52:35,EVS 2142I
360,50,91,2018-07-09 22:08:02,29,2018-07-09 22:56:02,OMK 0K34
361,53,63,2016-07-05 05:18:36,11,2016-07-05 05:45:36,WAE 0197T
362,25,31,2018-10-01 20:55:14,29,2018-10-01 21:42:14,ULO 9G37
363,1,41,2016-01-26 17:32:56,91,2016-01-26 18:04:56,FHQ JD77
364,90,10,2017-03-15 14:07:24,39,2017-03-15 14:38:24,QZX 48MB
365,40,48,2018-05-04 06:26:00,4,2018-05-04 10:17:00,DTK FR35
366,3,14,2017-10-14 21:45:12,8,2017-10-14 22:56:12,WL 2V338
367,30,82,2019-07-15 19:31:50,32,2019-07-15 20:08:50,MD 3157B
368,26,87,2017-04-30 10:50:40,43,2017-04-30 12:21:40,JFJ 20HO
369,13,90,2016-03-03 12:36:00,73,2016-03-03 14:28:00,MR 25334
370,84,85,2018-06-28 05:37:42,61,2018-06-28 06:27:42,IOX SL81
371,73,47,2018-05-17 06:49:26,10,2018-05-17 11:15:26,SPV 4211F
372,31,90,2017-12-17 19:31:07,84,2017-12-17 22:06:07,PMZ LE23
373,63,60,2018-06-02 11:39:45,53,2018-06-02 15:22:45,QWS 372BJ
374,87,98,2018-08-28 20:42:43,11,2018-08-29 00:38:43,EJ 10122
375,99,42,2019-09-18 15:38:55,14,2019-09-18 18:51:55,KDS 980MJ
376,72,95,2018-12-06 21:37:20,4,2018-12-06 22:57:20,TQY 440EQ
377,76,87,2017-02-16 04:34:34,45,2017-02-16 08:20:34,RF 7059G
378,64,31,2017-01-31 21:42:21,44,2017-01-31 23:53:21,JM 81413
379,69,98,2017-08-19 05:12:23,90,2017-08-19 08:52:23,QWS 372BJ
380,49,92,2019-06-29 23:17:16,96,2019-06-29 23:52:16,RZG E322
381,80,82,2017-10-09 15:33:19,5,2017-10-09 20:05:19,NIG 6EH2
382,42,35,2016-03-15 01:39:16,98,2016-03-15 03:41:16,YLS X697
383,67,70,2017-10-22 20:17:59,98,2017-10-23 01:05:59,ETJ 58N3
384,68,91,2016-10-27 08:21:28,72,2016-10-27 08:36:28,WL 2V338
385,67,72,2018-07-02 00:41:57,0,2018-07-02 02:03:57,UDE 5Z78
386,60,97,2018-09-06 20:18:23,48,2018-09-06 21:12:23,WAE 0197T
387,75,84,2018-01-30 11:44:44,23,2018-01-30 15:50:44,WSY 16757
388,31,95,2017-05-27 07:11:04,65,2017-05-27 08:02:04,TG 58727
389,26,23,2017-08-08 13:55:52,60,2017-08-08 16:06:52,BXM 48S7
390,10,97,2018-12-20 02:00:13,45,2018-12-20 06:07:13,SCZ 1F62
391,50,63,2017-03-22 07:54:34,7,2017-03-22 10:51:34,QD 8HF20
392,79,64,2017-06-19 13:08:57,24,2017-06-19 14:33:57,HSX 0Q24
393,76,93,2019-07-07 14:26:03,37,2019-07-07 16:54:03,TXU 00L3
394,29,36,2018-11-27 23:19:03,8,2018-11-28 00:08:03,FHQ JD77
395,73,70,2019-03-08 12:06:53,82,2019-03-08 14:30:53,JM 81413
396,82,90,2019-12-24 17:18:55,6,2019-12-24 18:57:55,JL 5GW33
397,71,41,2018-08-08 19:00:53,82,2018-08-08 22:20:53,FQ 3510X
398,46,2,2018-04-25 21:50:34,83,2018-04-26 00:47:34,NIG 6EH2
399,95,74,2018-11-27 09:24:14,90,2018-11-27 13:45:14,FJU 4CD9
400,40,76,2019-04-01 15:37:29,46,2019-04-01 18:53:29,EW 739IC
401,58,24,2018-03-18 21:28:45,6,2018-03-19 02:00:45,BXM 48S7
402,39,69,2019-03-08 09:46:09,27,2019-03-08 13:38:09,VRI 2GV9
403,44,77,2019-07-31 17:32:56,61,2019-07-31 18:36:56,UM 2XE10
404,57,31,2017-09-19 19:03:26,85,2017-09-19 21:55:26,MR 25334
405,30,83,2019-12-19 15:39:45,30,2019-12-19 18:05:45,QQK 4886I
406,30,58,2018-11-17 14:39:21,59,2018-11-17 18:37:21,WEQ 18P7
407,9,20,2016-12-17 22:31:46,73,2016-12-18 01:33:46,EQ 5YV89
408,42,84,2019-07-27 05:57:36,48,2019-07-27 07:35:36,FHQ JD77
409,63,89,2019-04-10 23:52:47,75,2019-04-11 04:39:47,FHQ JD77
410,12,11,2018-05-14 21:12:43,66,2018-05-14 23:30:43,ZXN 178JJ
411,27,5,2018-01-08 19:42:59,90,2018-01-08 20:56:59,ROK 63JO
412,98,68,2016-10-05 14:12:15,2,2016-10-05 18:25:15,NA 77233
413,61,0,2019-01-27 08:00:48,71,2019-01-27 12:50:48,SAS 2TC5
414,87,18,2017-07-16 22:28:22,29,2017-07-17 00:56:22,ZYE 2I72
415,92,48,2018-01-03 11:15:32,47,2018-01-03 13:01:32,EXC 3JJ9
416,94,17,2019-11-29 03:57:43,72,2019-11-29 07:46:43,FAC 74000
417,99,2,2018-03-07 16:02:26,20,2018-03-07 20:56:26,KXK 7FR9
418,86,97,2018-05-23 14:00:16,88,2018-05-23 16:06:16,FHQ JD77
419,61,13,2017-07-28 18:03:48,16,2017-07-28 20:14:48,CT 0G163
420,50,34,2016-02-09 04:44:48,96,2016-02-09 04:55:48,NA 77233
421,9,63,2019-10-31 14:15:52,16,2019-10-31 15:11:52,SCZ 1F62
422,21,4,2016-12-20 17:56:31,75,2016-12-20 19:19:31,IOX SL81
423,42,22,2017-03-25 19:40:53,6,2017-03-25 22:51:53,WG 766VP
424,44,26,2019-07-25 08:28:11,23,2019-07-25 12:00:11,EE 6NZ73
425,3,70,2018-02-17 21:52:46,4,2018-02-18 00:04:46,LJE 45111
426,73,55,2017-11-25 12:19:36,13,2017-11-25 13:09:36,CUU 820FA
427,39,80,2019-08-13 04:07:05,88,2019-08-13 05:18:05,NL 8759E
428,52,72,2018-09-02 17:45:54,81,2018-09-02 18:03:54,IBB 2J19
429,64,0,2018-09-23 00:57:26,44,2018-09-23 05:29:26,JL 5GW33
430,71,70,2018-10-07 14:32:51,35,2018-10-07 18:44:51,KXK 7FR9
431,4,53,2016-12-15 06:05:15,21,2016-12-15 09:19:15,WG 766VP
432,0,50,2016-01-11 02:34:52,94,2016-01-11 05:44:52,HSX 0Q24
433,48,75,2019-03-28 00:49:17,54,2019-03-28 01:20:17,LRD 6T52
434,31,74,2019-07-17 19:19:00,61,2019-07-17 23:15:00,EQH 16E8
435,17,70,2016-07-06 05:35:14,22,2016-07-06 05:44:14,DKG 1MH8
436,67,35,2019-02-07 23:10:05,87,2019-02-08 04:01:05,VRI 2GV9
437,41,52,2016-03-20 02:37:39,65,2016-03-20 04:59:39,BH 423WF
438,78,83,2017-09-01 12:02:51,34,2017-09-01 15:07:51,JL 5GW33
439,88,6,2016-05-22 16:18:22,85,2016-05-22 17:12:22,DTK FR35
440,73,6,2019-09-26 23:37:20,0,2019-09-27 03:19:20,KXK 7FR9
441,98,98,2018-01-18 17:58:34,75,2018-01-18 21:08:34,ST 8479R
442,51,75,2016-06-25 09:48:59,62,2016-06-25 10:10:59,BE 035ZW
443,71,93,2018-08-12 00:41:58,47,2018-08-12 04:28:58,RG 0RL71
444,14,95,2017-05-18 03:39:10,88,2017-05-18 07:02:10,KXK 7FR9
445,9,58,2019-10-17 04:09:10,61,2019-10-17 04:39:10,SEB 754TY
446,28,93,2017-05-31 00:06:49,81,2017-05-31 02:00:49,LFD 2T76
447,79,14,2018-01-28 01:00:20,3,2018-01-28 05:55:20,PJ 6701U
448,38,73,2019-11-13 20:55:13,33,2019-11-14 00:16:13,FQ 1LQ14
449,66,2,2017-02-15 23:49:30,29,2017-02-16 04:35:30,ETJ 58N3
450,55,6,2019-12-20 01:46:45,23,2019-12-20 02:07:45,KXK 7FR9
451,83,98,2019-12-11 09:00:05,14,2019-12-11 13:44:05,MR 25334
452,70,91,2017-07-01 23:09:51,89,2017-07-02 00:18:51,CUU 820FA
453,55,35,2016-07-31 14:52:27,36,2016-07-31 18:04:27,CUU 820FA
454,45,87,2017-12-05 10:45:20,94,2017-12-05 15:18:20,EQH 16E8
455,92,3,2019-08-29 11:44:37,37,2019-08-29 16:33:37,WJ 2PG16
456,60,67,2018-10-04 12:35:02,39,2018-10-04 12:51:02,ZXN 178JJ
457,37,51,2018-06-15 08:52:04,87,2018-06-15 09:55:04,WAE 0197T
458,57,50,2019-05-06 22:47:14,51,2019-05-07 02:54:14,WEQ 18P7
459,85,29,2018-04-06 02:22:58,43,2018-04-06 05:35:58,DTK FR35
460,57,26,2017-02-03 23:22:58,90,2017-02-04 02:44:58,ANZ TB24
461,95,57,2017-12-20 19:50:50,15,2017-12-21 00:30:50,LT 39256
462,62,65,2016-07-08 04:34:49,79,2016-07-08 08:03:49,JL 5GW33
463,27,66,2017-02-04 18:02:52,41,2017-02-04 19:44:52,TG 515KX
464,77,48,2017-07-23 18:22:29,34,2017-07-23 18:54:29,QZX 48MB
465,71,69,2018-12-31 07:54:02,64,2018-12-31 10:33:02,NNA 04852
466,45,78,2018-04-20 19:07:01,38,2018-04-20 20:32:01,NL 8759E
467,67,23,2019-07-18 10:17:02,15,2019-07-18 13:36:02,QD 8HF20
468,29,87,2017-12-31 08:24:55,47,2017-12-31 12:45:55,YLS X697
469,49,3,2018-01-31 07:07:03,1,2018-01-31 08:44:03,EJ 10122
470,16,67,2019-06-08 19:21:05,15,2019-06-09 00:21:05,WJ 2PG16
471,86,51,2019-09-09 09:03:46,4,2019-09-09 11:27:46,BXM 48S7
472,74,32,2017-11-06 02:06:13,72,2017-11-06 02:40:13,EQ 5YV89
473,23,42,2018-04-13 17:06:20,76,2018-04-13 18:22:20,RG 0RL71
474,1,74,2019-03-07 02:33:51,79,2019-03-07 06:00:51,WE 869ST
475,46,96,2016-09-10 07:27:50,8,2016-09-10 12:26:50,ROK 63JO
476,78,67,2019-01-28 13:28:57,27,2019-01-28 18:09:57,ZXN 178JJ
477,2,2,2019-09-05 05:41:01,73,2019-09-05 08:38:01,WAE 0197T
478,67,51,2017-03-31 13:16:46,67,2017-03-31 16:41:46,WE 869ST
479,96,20,2016-05-10 06:46:40,22,2016-05-10 07:50:40,KMO P825
480,22,40,2018-12-25 17:58:06,39,2018-12-25 18:21:06,ANZ TB24
481,69,6,2019-11-07 19:00:28,13,2019-11-07 21:38:28,EXC 3JJ9
482,5,11,2018-09-29 06:10:49,21,2018-09-29 08:12:49,WG 766VP
483,0,24,2016-10-16 19:38:24,88,2016-10-16 20:53:24,WG 766VP
484,9,61,2018-05-12 04:08:19,15,2018-05-12 07:51:19,QQK 4886I
485,40,51,2019-08-10 10:59:09,17,2019-08-10 13:03:09,YU 820UV
486,1,84,2019-01-23 01:05:18,21,2019-01-23 01:48:18,PMZ LE23
487,87,11,2019-08-20 13:48:12,68,2019-08-20 18:14:12,MD 3157B
488,10,47,2016-09-18 02:21:34,45,2016-09-18 02:31:34,TQY 440EQ
489,52,18,2019-09-09 06:43:06,2,2019-09-09 10:04:06,QQK 4886I
490,60,38,2019-10-24 21:45:59,79,2019-10-25 02:34:59,RF 7059G
491,80,94,2019-07-13 04:24:29,69,2019-07-13 05:31:29,EWG 5566J
492,98,15,2019-03-20 07:52:32,72,2019-03-20 10:21:32,FAC 74000
493,95,86,2018-03-19 10:51:24,40,2018-03-19 11:30:24,WL 2V338
494,88,35,2019-10-09 13:07:51,15,2019-10-09 15:55:51,RG 0RL71
495,38,34,2019-08-23 07:56:50,18,2019-08-23 09:44:50,JFJ 20HO
496,3,88,2017-12-22 19:31:50,96,2017-12-22 21:58:50,ST 8479R
497,59,30,2018-07-29 06:35:42,0,2018-07-29 07:15:42,YHC 2598I
498,82,96,2019-12-21 14:30:57,65,2019-12-21 15:39:57,WG 766VP
499,14,94,2019-02-19 03:14:38,99,2019-02-19 05:40:38,TXU 00L3
500,16,20,2019-05-21 06:49:45,18,2019-05-21 10:14:45,WJ 2PG16
501,23,4,2017-12-08 01:02:22,39,2017-12-08 02:18:22,KVF 8821N
502,79,99,2016-02-28 09:16:06,79,2016-02-28 09:24:06,BE 035ZW
503,13,62,2018-08-17 09:16:38,86,2018-08-17 10:12:38,JL 5GW33
504,97,33,2017-07-20 02:21:20,96,2017-07-20 05:14:20,WE 869ST
505,58,75,2017-09-25 03:04:01,60,2017-09-25 06:31:01,EXC 3JJ9
506,60,97,2018-12-07 10:13:07,53,2018-12-07 10:21:07,XOM 430HV
507,92,73,2016-01-29 19:55:22,79,2016-01-29 21:13:22,KXK 7FR9
508,4,25,2018-01-06 18:35:01,74,2018-01-06 20:05:01,MD 3157B
509,61,82,2018-03-29 04:08:27,10,2018-03-29 09:02:27,ULO 9G37
510,58,11,2016-09-14 22:25:21,19,2016-09-15 01:43:21,NL 8759E
511,95,63,2019-04-22 17:11:25,72,2019-04-22 20:45:25,EXC 3JJ9
512,10,22,2019-01-17 07:58:48,3,2019-01-17 12:06:48,FQ 1LQ14
513,19,47,2018-09-22 23:18:38,46,2018-09-23 00:48:38,XOM 430HV
514,5,36,2017-07-13 19:25:54,99,2017-07-13 23:51:54,MD 3157B
515,99,11,2016-06-06 11:24:39,64,2016-06-06 13:33:39,YHC 2598I
516,8,19,2019-09-11 18:32:01,81,2019-09-11 22:26:01,DQ 248YJ
517,98,47,2018-12-06 04:31:54,9,2018-12-06 09:20:54,KVF 8821N
518,24,86,2016-07-21 11:46:20,88,2016-07-21 16:03:20,DTK FR35
519,66,39,2017-01-17 17:25:51,70,2017-01-17 21:34:51,EH 464YL
520,8,39,2017-10-04 05:12:29,96,2017-10-04 08:15:29,EJ 10122
521,24,16,2018-06-06 16:18:58,26,2018-06-06 19:35:58,QD 8HF20
522,61,24,2018-01-20 19:24:54,98,2018-01-20 21:36:54,MD 3157B
523,71,53,2017-11-19 12:42:48,37,2017-11-19 17:39:48,CUU 820FA
524,76,89,2018-01-11 15:47:18,77,2018-01-11 20:25:18,DQ 248YJ
525,28,19,2017-10-04 16:22:22,55,2017-10-04 17:50:22,RG 0RL71
526,36,50,2019-12-20 00:31:06,20,2019-12-20 02:20:06,PMZ LE23
527,73,7,2019-04-11 06:23:44,93,2019-04-11 10:16:44,FK 3PA12
528,11,54,2018-11-02 03:10:19,24,2018-11-02 05:58:19,EXC 3JJ9
529,92,10,2018-01-26 11:21:08,40,2018-01-26 14:42:08,UDE 5Z78
530,37,90,2018-06-01 15:42:01,95,2018-06-01 16:15:01,WSY 16757
531,39,11,2017-03-31 04:09:32,36,2017-03-31 04:33:32,SG 627OD
532,92,25,2019-04-06 16:11:30,61,2019-04-06 21:07:30,WL 2V338
533,2,28,2019-07-21 01:24:16,7,2019-07-21 04:46:16,MD 3157B
534,13,93,2018-06-09 04:34:45,13,2018-06-09 06:00:45,QWS 372BJ
535,16,14,2017-09-23 13:37:40,34,2017-09-23 16:22:40,BE 035ZW
536,13,30,2019-11-20 04:33:50,18,2019-11-20 07:43:50,UDE 5Z78
537,60,66,2016-04-02 09:51:25,12,2016-04-02 11:41:25,FQ 1LQ14
538,62,38,2019-04-03 09:45:08,93,2019-04-03 10:49:08,IBB 2J19
539,11,18,2018-09-13 02:50:29,93,2018-09-13 04:31:29,YHC 2598I
540,84,32,2016-09-15 22:38:30,94,2016-09-16 01:37:30,BXM 48S7
541,90,95,2016-06-14 00:35:29,93,2016-06-14 00:52:29,FQ 3510X
542,56,28,2017-06-19 09:26:00,43,2017-06-19 10:32:00,FHQ JD77
543,34,18,2018-11-26 13:51:06,0,2018-11-26 14:24:06,XOJ 39684
544,19,65,2017-06-20 18:22:14,0,2017-06-20 20:54:14,QQK 4886I
545,17,20,2018-02-21 12:32:19,55,2018-02-21 16:27:19,UM 2XE10
546,69,75,2016-09-03 10:02:21,96,2016-09-03 10:16:21,DM 0C935
547,24,26,2018-08-28 16:17:16,87,2018-08-28 16:26:16,RG 0RL71
548,0,11,2017-08-12 23:19:00,45,2017-08-12 23:29:00,XOJ 39684
549,54,22,2017-01-14 14:15:19,87,2017-01-14 15:40:19,EW 739IC
550,74,52,2016-03-26 20:31:14,50,2016-03-26 22:45:14,ETJ 58N3
551,77,59,2018-10-05 04:01:01,1,2018-10-05 05:24:01,WSY 16757
552,6,97,2016-12-11 04:50:21,45,2016-12-11 08:46:21,LFD 2T76
553,26,67,2018-11-04 16:41:03,84,2018-11-04 17:13:03,YLS X697
554,48,17,2019-09-29 21:51:40,57,2019-09-29 22:13:40,CUU 820FA
555,37,3,2018-07-18 07:39:50,26,2018-07-18 08:25:50,DM 0C935
556,75,76,2019-03-05 04:19:19,79,2019-03-05 05:54:19,UM 2XE10
557,72,43,2019-01-07 23:31:01,74,2019-01-08 03:23:01,MR 25334
558,50,86,2018-11-02 01:07:44,82,2018-11-02 03:37:44,NNA 04852
559,73,2,2018-11-11 22:52:02,49,2018-11-11 23:50:02,QQK 4886I
560,1,2,2016-10-13 22:05:58,65,2016-10-14 01:41:58,QZX 48MB
561,39,59,2016-01-21 22:37:47,15,2016-01-21 23:36:47,FHQ JD77
562,5,69,2016-03-19 03:36:59,55,2016-03-19 05:56:59,DKG 1MH8
563,21,95,2016-05-10 18:12:08,28,2016-05-10 18:37:08,MD 3157B
564,79,36,2018-05-21 05:49:51,10,2018-05-21 10:26:51,WSY 16757
565,85,55,2017-11-03 06:20:58,75,2017-11-03 10:07:58,DQ 248YJ
566,44,5,2018-08-16 14:52:59,71,2018-08-16 16:56:59,YU 820UV
567,35,62,2016-11-29 06:31:20,35,2016-11-29 09:24:20,OMK 0K34
568,63,34,2016-12-28 01:58:24,65,2016-12-28 03:07:24,QZX 48MB
569,31,68,2018-01-13 03:00:46,82,2018-01-13 05:17:46,FAC 74000
570,8,84,2019-02-09 08:08:32,13,2019-02-09 08:20:32,QD 8HF20
571,97,54,2017-05-25 03:56:08,84,2017-05-25 05:35:08,BXM 48S7
572,94,71,2017-02-18 09:07:50,79,2017-02-18 11:38:50,CU 5B574
573,70,71,2019-01-30 16:05:02,27,2019-01-30 16:27:02,WAE 0197T
574,85,43,2018-01-31 17:48:42,5,2018-01-31 21:53:42,LRD 6T52
575,85,79,2017-06-04 23:10:38,46,2017-06-05 01:19:38,QQK 4886I
576,77,62,2018-10-29 04:15:18,11,2018-10-29 08:08:18,EW 739IC
577,89,74,2017-05-23 23:53:21,45,2017-05-24 02:20:21,EQ 5YV89
578,56,38,2018-09-22 03:13:25,35,2018-09-22 05:04:25,EJ 10122
579,24,9,2018-01-09 08:06:39,1,2018-01-09 09:07:39,NM 610LL
580,83,36,2019-04-15 02:12:49,54,2019-04-15 06:45:49,SJ 69032
581,52,19,2018-07-05 00:36:50,34,2018-07-05 03:12:50,SG 627OD
582,1,1,2017-06-30 13:34:31,0,2017-06-30 15:30:31,DQ 248YJ
583,90,84,2017-10-30 19:16:17,58,2017-10-30 23:49:17,RG 0RL71
584,83,87,2018-02-10 01:23:52,48,2018-02-10 05:28:52,XOM 430HV
585,36,76,2019-04-21 19:50:24,34,2019-04-21 22:54:24,XOJ 39684
586,8,31,2017-05-08 13:09:06,59,2017-05-08 16:18:06,KDS 980MJ
587,9,15,2017-05-05 07:20:09,63,2017-05-05 08:20:09,HSX 0Q24
588,70,6,2016-09-26 10:14:21,79,2016-09-26 12:05:21,XOJ 39684
589,35,16,2018-07-06 11:15:48,35,2018-07-06 12:33:48,UM 2XE10
590,58,10,2018-11-13 09:20:08,26,2018-11-13 13:09:08,LJE 45111
591,55,52,2017-10-09 14:51:40,38,2017-10-09 18:01:40,DTK FR35
592,46,44,2018-12-27 03:42:38,3,2018-12-27 05:36:38,MA 1SW14
593,90,46,2019-04-22 13:36:55,93,2019-04-22 17:03:55,CU 5B574
594,40,59,2018-09-05 12:28:26,81,2018-09-05 16:03:26,SPV 4211F
595,19,90,2016-09-21 18:01:00,56,2016-09-21 20:34:00,XOJ 39684
596,13,38,2018-10-23 15:06:34,69,2018-10-23 16:06:34,TXU 00L3
597,27,48,2016-08-16 10:29:33,68,2016-08-16 13:43:33,AD 6869I
598,12,88,2019-06-03 07:43:58,55,2019-06-03 10:33:58,ST 8479R
599,77,67,2017-01-10 08:11:37,45,2017-01-10 09:58:37,KVF 8821N
600,70,53,2017-06-22 18:36:29,49,2017-06-22 23:09:29,ZYE 2I72
601,32,92,2016-08-24 08:04:02,47,2016-08-24 10:16:02,IOX SL81
602,76,69,2016-11-24 07:25:15,96,2016-11-24 09:35:15,HSX 0Q24
603,77,37,2017-11-18 05:26:36,11,2017-11-18 06:22:36,LRD 6T52
604,12,23,2019-10-17 18:50:05,19,2019-10-17 18:56:05,DM 0C935
605,62,8,2018-12-27 03:24:47,66,2018-12-27 06:30:47,UM 2XE10
606,11,43,2019-03-06 17:51:25,2,2019-03-06 20:58:25,EWG 5566J
607,97,56,2017-11-26 04:38:42,97,2017-11-26 04:54:42,TG 515KX
608,2,0,2017-12-01 08:39:13,14,2017-12-01 12:26:13,EVS 2142I
609,44,39,2018-12-22 13:03:33,23,2018-12-22 17:40:33,DKG 1MH8
610,72,73,2019-12-04 20:39:42,98,2019-12-04 23:31:42,WAE 0197T
611,62,45,2019-01-15 01:59:51,56,2019-01-15 06:01:51,QZX 48MB
612,36,33,2017-05-06 02:31:34,3,2017-05-06 06:10:34,GQ 99616
613,59,87,2019-10-28 01:11:36,56,2019-10-28 02:01:36,CU 5B574
614,84,13,2016-06-15 22:00:01,22,2016-06-16 02:56:01,MA 1SW14
615,70,17,2019-01-26 23:01:20,48,2019-01-27 02:56:20,ZXN 178JJ
616,40,31,2018-09-05 14:05:43,6,2018-09-05 17:10:43,TQY 440EQ
617,19,62,2017-12-02 12:15:22,10,2017-12-02 16:23:22,ST 8479R
618,90,75,2019-08-11 06:07:37,46,2019-08-11 09:37:37,WL 2V338
619,49,26,2018-10-06 17:25:22,86,2018-10-06 19:03:22,DM 0C935
620,10,70,2017-08-30 08:31:52,37,2017-08-30 11:23:52,PMZ LE23
621,82,37,2017-12-12 13:43:47,54,2017-12-12 17:12:47,TXU 00L3
622,52,31,2018-12-22 02:15:38,21,2018-12-22 03:36:38,BXM 48S7
623,25,40,2017-06-27 17:06:24,8,2017-06-27 20:20:24,BE 035ZW
624,40,15,2018-04-09 11:40:56,91,2018-04-09 15:05:56,QZX 48MB
625,77,21,2016-05-30 15:33:23,86,2016-05-30 15:55:23,HSX 0Q24
626,12,9,2019-04-19 20:04:27,77,2019-04-19 21:03:27,KMO P825
627,23,1,2017-01-28 09:19:02,50,2017-01-28 11:42:02,WJ 2PG16
628,88,59,2017-01-14 10:43:14,55,2017-01-14 14:22:14,WEQ 18P7
629,76,46,2018-05-09 01:52:35,2,2018-05-09 06:41:35,ZXN 178JJ
630,49,38,2018-08-16 09:36:09,90,2018-08-16 13:28:09,QD 8HF20
631,58,22,2017-01-13 04:11:33,24,2017-01-13 05:11:33,PMZ LE23
632,38,60,2017-03-05 18:38:39,38,2017-03-05 20:44:39,LRD 6T52
633,32,42,2016-12-23 13:10:37,78,2016-12-23 16:38:37,ZXN 178JJ
634,12,95,2016-01-25 16:29:30,79,2016-01-25 20:40:30,IOX SL81
635,74,70,2018-06-14 09:25:51,90,2018-06-14 12:44:51,DQ 248YJ
636,41,12,2016-04-18 11:15:19,2,2016-04-18 14:37:19,BH 423WF
637,62,59,2019-05-07 20:32:57,85,2019-05-08 00:09:57,NIG 6EH2
638,77,67,2019-11-12 14:13:21,4,2019-11-12 18:36:21,UDE 5Z78
639,56,55,2016-03-04 04:10:10,80,2016-03-04 07:07:10,GQ 99616
640,71,76,2019-07-17 19:53:46,60,2019-07-18 00:37:46,EQ 5YV89
641,13,9,2017-02-16 20:06:23,74,2017-02-16 20:50:23,NKD 6UT4
642,62,24,2019-04-21 22:09:38,56,2019-04-22 00:07:38,CT 0G163
643,46,77,2016-04-17 08:30:50,8,2016-04-17 08:44:50,TG 515KX
644,66,66,2018-11-04 17:53:28,45,2018-11-04 20:36:28,EH 464YL
645,70,73,2017-01-04 01:51:43,48,2017-01-04 02:25:43,EJ 10122
646,93,52,2019-10-28 10:52:54,87,2019-10-28 12:28:54,PJ 6701U
647,55,40,2019-07-12 23:39:24,12,2019-07-13 03:11:24,EW 739IC
648,52,71,2018-04-23 09:22:00,2,2018-04-23 13:13:00,CU 5B574
649,77,13,2019-12-31 09:32:42,66,2019-12-31 12:38:42,WEQ 18P7
650,37,16,2019-06-02 16:11:29,64,2019-06-02 20:44:29,XOJ 39684
651,91,61,2018-02-07 20:31:18,50,2018-02-07 23:16:18,HSX 0Q24
652,69,65,2017-01-11 09:25:25,33,2017-01-11 11:32:25,PAP 2N46
653,24,18,2019-06-06 00:29:51,28,2019-06-06 00:43:51,NA 77233
654,60,3,2018-05-14 22:14:13,70,2018-05-15 03:06:13,FHQ JD77
655,62,65,2017-08-24 08:18:05,3,2017-08-24 08:40:05,SG 627OD
656,90,32,2017-09-12 06:41:19,50,2017-09-12 07:06:19,EVS 2142I
657,58,98,2018-06-27 02:49:35,38,2018-06-27 07:10:35,IBB 2J19
658,69,97,2016-05-18 19:06:35,47,2016-05-18 21:06:35,EJ 10122
659,24,45,2017-08-09 09:36:56,13,2017-08-09 10:35:56,JFJ 20HO
660,50,42,2019-03-08 20:40:16,21,2019-03-09 01:31:16,YLS X697
661,72,18,2018-04-28 21:42:22,27,2018-04-29 01:42:22,CLV 8M64
662,43,45,2017-02-20 07:27:19,90,2017-02-20 11:45:19,WG 766VP
663,46,77,2016-08-18 20:36:49,62,2016-08-18 20:41:49,TG 515KX
664,72,67,2019-10-11 11:25:27,57,2019-10-11 15:10:27,FQ 3510X
665,64,18,2016-07-22 22:54:01,29,2016-07-23 00:50:01,WE 869ST
666,19,79,2017-08-03 20:39:02,8,2017-08-03 22:39:02,UDE 5Z78
667,74,69,2017-01-31 10:39:52,13,2017-01-31 11:01:52,WL 2V338
668,99,25,2016-07-26 19:52:47,95,2016-07-26 20:32:47,SEB 754TY
669,27,16,2018-01-02 17:06:51,41,2018-01-02 17:39:51,QWS 372BJ
670,21,96,2017-10-03 04:29:09,59,2017-10-03 07:57:09,JFJ 20HO
671,77,48,2016-05-15 23:32:35,60,2016-05-16 00:48:35,HSX 0Q24
672,12,40,2018-07-31 16:03:47,20,2018-07-31 20:56:47,HSX 0Q24
673,63,72,2017-03-17 04:23:07,95,2017-03-17 07:04:07,EJ 10122
674,7,61,2019-01-19 14:07:27,33,2019-01-19 16:42:27,KJV 9M17
675,11,45,2016-10-11 22:51:22,4,2016-10-12 00:01:22,DKG 1MH8
676,48,51,2017-08-24 20:07:17,55,2017-08-25 00:25:17,SPV 4211F
677,46,10,2018-01-20 09:07:58,43,2018-01-20 13:14:58,CUU 820FA
678,62,21,2016-12-01 12:38:52,19,2016-12-01 13:13:52,IBB 2J19
679,17,74,2018-09-05 11:38:38,94,2018-09-05 14:47:38,EWG 5566J
680,11,59,2017-10-14 19:53:46,65,2017-10-14 20:06:46,FQ 1LQ14
681,69,15,2019-12-01 15:23:31,96,2019-12-01 17:42:31,IOX SL81
682,19,17,2019-09-04 07:24:37,86,2019-09-04 07:29:37,ULO 9G37
683,63,86,2018-01-19 12:28:10,86,2018-01-19 16:34:10,RG 0RL71
684,40,94,2019-07-05 19:58:16,41,2019-07-06 00:27:16,PAP 2N46
685,74,66,2019-08-18 01:29:38,70,2019-08-18 01:51:38,FAC 74000
686,36,28,2018-04-18 21:20:37,96,2018-04-18 22:35:37,NNA 04852
687,38,56,2017-09-18 06:08:43,63,2017-09-18 10:02:43,EQ 5YV89
688,93,32,2017-01-23 20:18:01,39,2017-01-23 23:04:01,PJ 6701U
689,78,56,2017-07-04 11:54:39,48,2017-07-04 14:21:39,YU 820UV
690,10,58,2019-10-24 19:49:50,43,2019-10-24 23:15:50,EJ 10122
691,43,70,2016-01-25 17:01:40,2,2016-01-25 19:35:40,ANZ TB24
692,51,66,2018-08-07 03:36:56,89,2018-08-07 06:39:56,OMK 0K34
693,62,71,2019-06-20 06:15:56,27,2019-06-20 10:50:56,SAS 2TC5
694,27,5,2016-11-27 19:00:05,62,2016-11-27 19:54:05,DTK FR35
695,96,24,2018-06-28 05:46:17,98,2018-06-28 05:54:17,IOX SL81
696,86,81,2018-03-04 02:46:48,2,2018-03-04 03:13:48,LFD 2T76
697,29,3,2018-10-25 23:55:40,24,2018-10-26 03:02:40,WSY 16757
698,0,41,2016-04-18 02:08:17,16,2016-04-18 06:28:17,WE 869ST
699,3,55,2018-03-11 19:26:12,78,2018-03-11 23:35:12,DKG 1MH8
700,43,66,2016-12-29 12:43:49,34,2016-12-29 15:06:49,DM 0C935
701,4,7,2017-09-24 02:54:39,75,2017-09-24 05:16:39,BXM 48S7
702,68,80,2017-05-18 22:13:45,41,2017-05-19 00:02:45,WAE 0197T
703,67,18,2017-09-25 22:00:54,5,2017-09-26 00:40:54,RF 7059G
704,33,64,2017-02-23 05:15:34,23,2017-02-23 08:17:34,EXC 3JJ9
705,15,10,2017-06-10 07:15:40,21,2017-06-10 11:51:40,JM 81413
706,13,9,2017-12-04 19:02:27,93,2017-12-04 19:44:27,LRD 6T52
707,2,45,2016-03-26 02:04:28,97,2016-03-26 04:38:28,BE 035ZW
708,30,59,2017-10-18 19:07:06,42,2017-10-18 23:35:06,WL 2V338
709,61,17,2016-11-11 11:46:53,85,2016-11-11 13:45:53,WG 766VP
710,99,32,2016-05-23 13:57:17,41,2016-05-23 17:07:17,EQ 5YV89
711,58,25,2019-10-14 19:52:21,52,2019-10-14 22:18:21,EH 464YL
712,90,83,2016-03-13 00:14:21,62,2016-03-13 02:12:21,HSX 0Q24
713,26,32,2017-02-06 04:54:14,49,2017-02-06 05:36:14,UM 2XE10
714,79,77,2018-03-16 02:49:07,48,2018-03-16 04:00:07,DTK FR35
715,46,36,2017-09-21 18:51:29,62,2017-09-21 21:59:29,DKG 1MH8
716,25,23,2018-08-16 05:54:13,80,2018-08-16 08:39:13,BH 423WF
717,63,94,2017-10-27 16:25:38,1,2017-10-27 18:57:38,FQ 1LQ14
718,14,69,2017-07-17 15:47:58,65,2017-07-17 17:31:58,JM 81413
719,10,30,2016-05-29 19:51:44,95,2016-05-29 21:57:44,KMO P825
720,17,46,2017-08-25 20:10:34,34,2017-08-25 22:34:34,FJU 4CD9
721,4,6,2018-10-17 19:27:41,33,2018-10-17 20:48:41,MD 3157B
722,61,39,2017-08-16 10:30:35,85,2017-08-16 12:22:35,EVS 2142I
723,42,34,2019-03-01 07:06:01,76,2019-03-01 10:33:01,CU 5B574
724,0,9,2016-08-19 22:11:04,42,2016-08-20 01:53:04,SJ 69032
725,86,40,2019-05-08 16:18:58,96,2019-05-08 17:50:58,HSX 0Q24
726,83,8,2019-06-10 00:18:40,75,2019-06-10 02:32:40,WAE 0197T
727,8,1,2019-02-07 22:49:30,52,2019-02-07 23:49:30,CUU 820FA
728,69,64,2016-11-13 02:09:03,61,2016-11-13 06:09:03,NL 8759E
729,51,9,2018-04-29 11:51:37,32,2018-04-29 12:47:37,MA 1SW14
730,20,58,2018-05-25 12:25:30,93,2018-05-25 15:32:30,CUU 820FA
731,52,92,2016-10-17 17:14:02,64,2016-10-17 21:25:02,SAS 2TC5
732,2,49,2019-03-10 01:59:21,76,2019-03-10 04:41:21,MD 3157B
733,66,72,2017-09-30 21:48:48,63,2017-10-01 02:28:48,DTK FR35
734,93,84,2019-10-22 10:50:54,71,2019-10-22 15:27:54,ZYE 2I72
735,51,33,2018-03-19 19:17:32,90,2018-03-19 19:54:32,FAC 74000
736,87,64,2016-01-22 20:23:56,11,2016-01-22 23:52:56,TXU 00L3
737,79,93,2018-02-08 17:33:25,60,2018-02-08 22:10:25,WE 869ST
738,0,68,2019-02-04 09:32:01,72,2019-02-04 10:59:01,OMK 0K34
739,32,45,2017-02-05 01:20:38,50,2017-02-05 05:59:38,IBB 2J19
740,62,39,2016-06-23 14:50:10,21,2016-06-23 19:25:10,ETJ 58N3
741,93,46,2019-05-01 04:18:13,84,2019-05-01 09:10:13,YLS X697
742,69,71,2016-05-22 00:43:15,39,2016-05-22 01:28:15,EXC 3JJ9
743,90,51,2019-04-05 17:48:37,4,2019-04-05 19:50:37,KXK 7FR9
744,90,6,2019-05-05 21:12:39,44,2019-05-05 22:16:39,BH 423WF
745,58,94,2017-06-20 15:44:58,5,2017-06-20 20:13:58,WEQ 18P7
746,8,52,2018-02-02 22:01:55,36,2018-02-03 03:01:55,PJ 6701U
747,33,20,2016-11-05 18:13:17,84,2016-11-05 22:03:17,DQ 248YJ
748,56,6,2017-05-09 02:00:30,89,2017-05-09 02:12:30,NKD 6UT4
749,61,3,2019-03-27 11:18:47,83,2019-03-27 11:44:47,KJV 9M17
750,42,42,2019-08-23 06:56:29,35,2019-08-23 11:13:29,QWS 372BJ
751,59,46,2019-12-06 20:30:40,11,2019-12-07 00:42:40,ROK 63JO
752,27,43,2019-07-31 21:58:15,10,2019-08-01 00:51:15,MA 1SW14
753,0,19,2016-11-20 18:33:57,9,2016-11-20 23:16:57,EE 6NZ73
754,79,69,2016-08-04 19:30:25,4,2016-08-04 23:22:25,KDS 980MJ
755,86,31,2018-09-19 17:18:41,70,2018-09-19 21:09:41,NIG 6EH2
756,94,7,2017-02-22 01:07:18,79,2017-02-22 04:01:18,PMZ LE23
757,81,89,2017-01-15 00:01:29,10,2017-01-15 03:31:29,CT 0G163
758,84,66,2017-12-15 02:11:13,31,2017-12-15 06:25:13,ROK 63JO
759,62,75,2017-11-26 10:09:54,74,2017-11-26 11:30:54,SZE 4Z37
760,56,6,2018-09-28 07:08:23,80,2018-09-28 07:58:23,XOJ 39684
761,82,13,2019-07-22 13:31:30,81,2019-07-22 15:09:30,MR 25334
762,45,31,2017-01-09 09:13:39,46,2017-01-09 11:40:39,RZG E322
763,24,13,2016-09-10 09:26:58,42,2016-09-10 12:42:58,JM 81413
764,73,67,2019-06-06 04:39:11,36,2019-06-06 05:32:11,NA 77233
765,56,24,2016-12-20 21:25:03,26,2016-12-20 22:13:03,PAP 2N46
766,96,89,2017-02-12 15:45:39,55,2017-02-12 19:22:39,ZXN 178JJ
767,77,40,2018-05-02 00:24:00,83,2018-05-02 05:00:00,ETJ 58N3
768,17,7,2016-11-15 11:36:24,58,2016-11-15 15:56:24,JL 5GW33
769,40,46,2019-10-15 22:14:54,14,2019-10-16 02:24:54,MR 25334
770,5,9,2016-06-02 05:53:35,93,2016-06-02 10:35:35,TQY 440EQ
771,32,69,2017-09-19 01:22:45,82,2017-09-19 02:55:45,PJ 6701U
772,54,84,2016-07-15 13:53:51,65,2016-07-15 16:46:51,WJ 2PG16
773,34,21,2019-11-17 22:20:56,99,2019-11-18 01:22:56,TQY 440EQ
774,25,20,2018-08-21 00:09:26,70,2018-08-21 02:17:26,LFD 2T76
775,81,3,2019-10-01 08:25:41,10,2019-10-01 09:07:41,BH 423WF
776,0,38,2018-01-24 11:45:00,23,2018-01-24 15:34:00,QZX 48MB
777,9,32,2019-01-03 06:17:42,42,2019-01-03 09:34:42,TQY 440EQ
778,17,21,2019-06-22 23:23:27,32,2019-06-23 03:26:27,TWJ 2C06
779,20,64,2016-08-01 11:35:46,40,2016-08-01 14:44:46,MA 1SW14
780,71,64,2019-01-08 13:33:24,60,2019-01-08 15:17:24,SCZ 1F62
781,29,15,2019-09-30 09:37:06,44,2019-09-30 11:31:06,SJ 69032
782,96,26,2019-10-11 03:12:50,65,2019-10-11 06:16:50,SCZ 1F62
783,0,95,2018-05-25 05:52:05,95,2018-05-25 07:48:05,KXK 7FR9
784,39,28,2019-04-30 15:42:58,12,2019-04-30 17:32:58,IBB 2J19
785,88,89,2017-06-10 03:31:36,58,2017-06-10 04:26:36,FQ 1LQ14
786,90,19,2017-02-09 15:50:54,51,2017-02-09 19:36:54,LRD 6T52
787,5,13,2016-03-24 08:27:10,61,2016-03-24 09:25:10,HSX 0Q24
788,26,42,2019-01-22 16:18:49,35,2019-01-22 18:24:49,WSY 16757
789,23,43,2017-07-15 11:30:56,22,2017-07-15 14:48:56,WAE 0197T
790,57,10,2017-08-05 11:51:09,50,2017-08-05 15:55:09,EQ 5YV89
791,88,24,2018-09-25 10:28:52,35,2018-09-25 13:41:52,SEB 754TY
792,49,77,2019-03-05 11:50:38,68,2019-03-05 14:25:38,QZX 48MB
793,47,0,2017-09-08 13:20:26,19,2017-09-08 13:57:26,EE 6NZ73
794,99,40,2019-08-15 00:25:02,28,2019-08-15 04:45:02,QWS 372BJ
795,93,81,2017-10-12 23:59:44,59,2017-10-13 03:05:44,NNA 04852
796,3,33,2018-02-23 21:57:03,40,2018-02-24 02:37:03,YHC 2598I
797,20,71,2018-04-22 08:33:41,50,2018-04-22 11:04:41,TQY 440EQ
798,17,83,2017-09-04 07:02:11,15,2017-09-04 11:15:11,FAC 74000
799,57,60,2018-05-31 21:37:39,18,2018-06-01 00:29:39,LJE 45111
800,45,43,2019-10-27 10:28:06,81,2019-10-27 10:58:06,DQ 248YJ
801,1,22,2019-02-11 09:31:03,63,2019-02-11 13:18:03,FAC 74000
802,92,8,2017-08-29 21:42:38,62,2017-08-30 01:59:38,EE 6NZ73
803,26,54,2018-07-14 16:40:35,6,2018-07-14 18:01:35,FJU 4CD9
804,23,78,2018-12-17 03:11:55,41,2018-12-17 08:03:55,ZYE 2I72
805,23,55,2016-04-07 01:06:57,12,2016-04-07 04:17:57,CT 0G163
806,5,61,2017-02-19 03:17:00,23,2017-02-19 06:11:00,KDS 980MJ
807,87,56,2016-07-28 00:56:30,20,2016-07-28 04:53:30,QAG 30GG
808,89,89,2017-11-30 02:37:21,17,2017-11-30 06:48:21,YHC 2598I
809,88,39,2018-10-30 07:37:53,83,2018-10-30 08:42:53,TG 58727
810,56,84,2019-07-26 05:07:00,78,2019-07-26 08:31:00,MD 3157B
811,74,78,2019-06-06 22:21:25,67,2019-06-07 00:01:25,FQ 3510X
812,50,24,2019-04-05 05:24:18,45,2019-04-05 08:57:18,TG 515KX
813,12,91,2017-10-04 23:41:12,45,2017-10-05 01:24:12,DQ 248YJ
814,44,84,2017-03-04 12:50:23,46,2017-03-04 14:02:23,SG 627OD
815,3,2,2017-12-12 13:05:10,77,2017-12-12 17:31:10,PAP 2N46
816,17,65,2019-07-13 13:00:43,58,2019-07-13 13:47:43,BE 035ZW
817,24,36,2016-12-12 08:05:59,53,2016-12-12 11:51:59,DQ 248YJ
818,86,68,2016-04-09 19:13:57,38,2016-04-09 22:13:57,KXK 7FR9
819,64,41,2019-05-21 07:01:37,31,2019-05-21 10:26:37,XOJ 39684
820,28,84,2018-11-11 10:28:25,68,2018-11-11 14:28:25,VRI 2GV9
821,0,65,2018-03-17 19:07:20,0,2018-03-17 20:53:20,FQ 1LQ14
822,87,31,2016-01-19 16:58:41,76,2016-01-19 17:26:41,KJV 9M17
823,43,31,2018-12-02 11:23:01,8,2018-12-02 14:00:01,EE 6NZ73
824,52,80,2016-03-06 20:12:07,25,2016-03-06 21:48:07,DTK FR35
825,21,84,2019-03-20 23:34:44,54,2019-03-21 03:41:44,RZG E322
826,81,78,2017-04-09 21:18:03,73,2017-04-09 22:37:03,CU 5B574
827,91,11,2019-04-28 18:05:27,37,2019-04-28 20:27:27,UDE 5Z78
828,40,96,2016-09-14 13:36:49,25,2016-09-14 16:10:49,BE 035ZW
829,20,67,2018-07-07 21:27:40,78,2018-07-07 23:19:40,DQ 248YJ
830,31,0,2017-08-21 20:50:06,36,2017-08-21 22:30:06,CT 0G163
831,36,6,2018-09-29 10:47:27,5,2018-09-29 10:59:27,WG 766VP
832,65,14,2016-10-26 19:54:00,34,2016-10-26 22:36:00,OJX 21468
833,84,62,2019-07-31 15:23:56,5,2019-07-31 18:07:56,ZXN 178JJ
834,66,82,2017-05-13 14:30:40,68,2017-05-13 16:53:40,NA 77233
835,8,15,2016-03-31 23:47:24,80,2016-04-01 01:43:24,KMO P825
836,17,82,2019-02-07 19:03:46,35,2019-02-07 22:57:46,DKG 1MH8
837,52,64,2017-06-03 09:36:37,57,2017-06-03 13:34:37,WSY 16757
838,30,68,2019-11-05 02:23:11,58,2019-11-05 05:29:11,MD 3157B
839,73,60,2016-06-06 19:10:35,27,2016-06-06 23:51:35,OMK 0K34
840,9,27,2017-10-25 02:40:18,36,2017-10-25 03:42:18,AD 6869I
841,49,54,2017-06-07 13:41:13,71,2017-06-07 13:57:13,EVS 2142I
842,92,23,2016-10-21 09:12:07,74,2016-10-21 09:37:07,ETJ 58N3
843,4,99,2019-03-04 21:06:26,70,2019-03-05 00:22:26,CLV 8M64
844,80,58,2016-05-11 16:20:38,55,2016-05-11 17:42:38,YU 820UV
845,34,0,2017-03-23 15:42:51,60,2017-03-23 20:23:51,DKG 1MH8
846,18,84,2016-12-31 02:44:45,15,2016-12-31 04:12:45,NM 610LL
847,62,95,2017-03-26 04:04:55,81,2017-03-26 06:43:55,EE 6NZ73
848,12,32,2018-02-14 07:50:31,51,2018-02-14 09:37:31,DTK FR35
849,99,30,2018-09-10 06:08:19,97,2018-09-10 09:11:19,SAS 2TC5
850,22,66,2019-09-26 05:21:05,31,2019-09-26 08:27:05,TWJ 2C06
851,21,36,2018-06-27 07:35:02,21,2018-06-27 08:31:02,EVS 2142I
852,19,93,2017-06-26 17:36:20,26,2017-06-26 19:54:20,BH 423WF
853,40,9,2018-10-16 00:40:07,81,2018-10-16 05:06:07,ULO 9G37
854,52,90,2016-02-27 16:51:45,32,2016-02-27 19:17:45,XOM 430HV
855,15,50,2017-08-15 04:54:24,90,2017-08-15 08:55:24,TG 58727
856,92,80,2018-12-29 03:28:31,24,2018-12-29 08:09:31,ULO 9G37
857,50,54,2017-06-17 00:21:11,16,2017-06-17 04:14:11,KMO P825
858,38,11,2018-07-04 07:34:37,4,2018-07-04 10:59:37,TG 58727
859,28,97,2016-08-27 20:18:25,42,2016-08-28 00:11:25,WJ 2PG16
860,5,38,2018-03-05 09:31:06,76,2018-03-05 11:27:06,SAS 2TC5
861,81,65,2016-10-21 06:29:26,59,2016-10-21 07:34:26,FSC 4303M
862,51,40,2016-09-18 01:05:21,63,2016-09-18 02:45:21,FHQ JD77
863,79,58,2016-11-18 05:55:48,74,2016-11-18 08:45:48,RG 0RL71
864,5,36,2019-08-26 21:39:27,59,2019-08-26 23:28:27,WE 869ST
865,97,10,2017-02-25 21:46:21,31,2017-02-26 01:57:21,NL 8759E
866,24,77,2017-09-24 02:29:46,40,2017-09-24 07:09:46,TXU 00L3
867,25,64,2016-05-09 04:53:28,23,2016-05-09 08:04:28,XOJ 39684
868,97,56,2018-09-25 09:04:36,29,2018-09-25 09:27:36,FAC 74000
869,40,31,2017-08-09 13:27:15,83,2017-08-09 18:03:15,EJ 10122
870,69,89,2018-10-27 02:44:31,34,2018-10-27 06:26:31,BE 035ZW
871,60,14,2017-11-10 05:00:22,95,2017-11-10 06:32:22,BXM 48S7
872,36,97,2018-06-07 22:14:11,61,2018-06-07 23:01:11,KMO P825
873,74,90,2019-02-10 07:39:23,54,2019-02-10 12:22:23,KMO P825
874,97,66,2017-01-31 01:37:49,34,2017-01-31 02:07:49,SG 627OD
875,38,92,2017-04-25 14:46:19,57,2017-04-25 15:30:19,EVS 2142I
876,31,8,2018-09-25 17:21:19,31,2018-09-25 17:33:19,MD 3157B
877,3,57,2018-01-29 18:18:44,57,2018-01-29 19:06:44,MD 3157B
878,98,2,2019-05-06 01:39:33,44,2019-05-06 03:17:33,SJ 69032
879,43,83,2018-03-26 22:02:05,93,2018-03-27 02:34:05,OMK 0K34
880,78,79,2016-12-09 08:46:57,38,2016-12-09 08:58:57,SPV 4211F
881,71,69,2016-08-21 10:30:34,15,2016-08-21 14:22:34,FK 3PA12
882,29,75,2018-03-28 15:33:29,5,2018-03-28 16:14:29,HSX 0Q24
883,54,30,2019-02-19 12:09:37,18,2019-02-19 14:47:37,MR 25334
884,9,42,2019-08-23 16:59:03,31,2019-08-23 17:56:03,SPV 4211F
885,41,4,2018-05-07 02:33:45,27,2018-05-07 05:49:45,LRD 6T52
886,41,93,2017-12-22 18:45:44,7,2017-12-22 22:05:44,HSX 0Q24
887,45,8,2018-03-31 10:41:06,87,2018-03-31 10:57:06,XOJ 39684
888,88,81,2019-03-14 11:11:39,7,2019-03-14 13:24:39,BXM 48S7
889,45,22,2016-06-03 12:26:19,49,2016-06-03 14:11:19,EVS 2142I
890,75,49,2019-10-02 09:14:35,48,2019-10-02 10:58:35,SZE 4Z37
891,25,30,2019-01-25 09:34:36,87,2019-01-25 10:10:36,ULO 9G37
892,43,69,2016-12-03 09:01:27,48,2016-12-03 12:05:27,QWS 372BJ
893,26,58,2018-08-15 23:54:19,56,2018-08-16 00:28:19,SG 627OD
894,88,38,2019-10-15 19:50:17,68,2019-10-15 21:02:17,LT 39256
895,6,6,2018-03-10 09:45:24,30,2018-03-10 11:34:24,PAP 2N46
896,6,15,2017-12-15 13:44:31,88,2017-12-15 18:30:31,FK 3PA12
897,98,33,2019-09-07 00:07:06,55,2019-09-07 04:45:06,YLS X697
898,25,84,2016-12-25 10:44:23,31,2016-12-25 13:07:23,OMK 0K34
899,4,2,2017-02-25 00:07:17,3,2017-02-25 03:52:17,WJ 2PG16
900,82,96,2019-11-20 03:18:32,4,2019-11-20 08:05:32,EJ 10122
901,31,88,2016-06-05 22:12:46,23,2016-06-05 22:37:46,TG 58727
902,12,58,2018-01-04 10:46:51,34,2018-01-04 14:21:51,LT 39256
903,48,8,2019-11-07 22:40:16,13,2019-11-08 00:48:16,OMK 0K34
904,87,20,2017-10-22 19:05:14,22,2017-10-22 22:48:14,WJ 2PG16
905,67,31,2018-05-19 10:40:03,41,2018-05-19 15:05:03,QD 8HF20
906,54,22,2019-09-21 00:58:13,86,2019-09-21 02:27:13,DTK FR35
907,68,65,2019-03-04 06:12:56,20,2019-03-04 09:26:56,EVS 2142I
908,50,22,2017-02-09 10:47:38,66,2017-02-09 10:53:38,LJE 45111
909,73,52,2016-10-05 16:10:28,67,2016-10-05 17:02:28,LJE 45111
910,15,94,2016-05-09 00:58:06,22,2016-05-09 01:23:06,FJU 4CD9
911,70,91,2019-10-26 16:03:41,81,2019-10-26 16:36:41,WL 2V338
912,59,71,2017-05-08 16:52:23,61,2017-05-08 20:57:23,SEB 754TY
913,54,17,2016-04-04 04:36:14,87,2016-04-04 04:44:14,EJ 10122
914,74,31,2019-09-21 17:24:04,78,2019-09-21 19:51:04,NM 610LL
915,36,58,2019-06-18 16:17:32,45,2019-06-18 20:52:32,KMO P825
916,24,89,2018-03-07 12:41:46,22,2018-03-07 13:14:46,DKG 1MH8
917,10,42,2019-04-20 01:41:53,10,2019-04-20 03:22:53,WG 766VP
918,87,50,2017-05-06 19:39:01,20,2017-05-06 23:07:01,QWS 372BJ
919,17,83,2016-09-17 22:08:48,60,2016-09-17 22:28:48,PAP 2N46
920,23,33,2019-09-30 05:09:55,99,2019-09-30 06:14:55,MR 25334
921,64,90,2016-12-18 14:21:32,55,2016-12-18 15:53:32,GQ 99616
922,31,35,2019-12-22 02:16:00,20,2019-12-22 05:45:00,SG 627OD
923,92,97,2016-12-22 02:55:20,3,2016-12-22 03:04:20,QWS 372BJ
924,99,0,2016-11-10 06:32:45,89,2016-11-10 10:49:45,QQK 4886I
925,14,3,2018-03-09 11:26:47,2,2018-03-09 14:24:47,SCZ 1F62
926,74,84,2019-01-07 01:18:19,24,2019-01-07 03:28:19,FAC 74000
927,46,20,2016-12-06 20:18:05,63,2016-12-06 23:33:05,EVS 2142I
928,9,93,2016-08-19 01:59:07,31,2016-08-19 05:13:07,WE 869ST
929,94,26,2018-05-04 20:14:46,85,2018-05-04 23:32:46,WJ 2PG16
930,52,53,2017-04-10 10:27:29,73,2017-04-10 15:03:29,RG 0RL71
931,38,8,2016-01-01 11:39:50,15,2016-01-01 13:48:50,RZG E322
932,84,54,2016-04-24 17:27:47,53,2016-04-24 18:30:47,FAC 74000
933,54,27,2018-11-15 04:40:59,33,2018-11-15 08:58:59,EW 739IC
934,38,39,2017-10-11 11:21:49,37,2017-10-11 13:27:49,CU 5B574
935,75,30,2016-04-17 04:52:25,49,2016-04-17 06:55:25,JL 5GW33
936,20,40,2016-06-21 18:25:38,84,2016-06-21 19:30:38,EWG 5566J
937,14,61,2016-06-18 08:39:32,37,2016-06-18 09:04:32,ANZ TB24
938,6,32,2019-09-08 06:29:40,92,2019-09-08 07:30:40,FHQ JD77
939,66,65,2016-05-06 14:44:44,40,2016-05-06 16:06:44,FSC 4303M
940,77,30,2017-06-21 01:18:05,46,2017-06-21 04:14:05,LJE 45111
941,21,83,2019-08-08 17:43:26,37,2019-08-08 20:21:26,PMZ LE23
942,99,70,2018-03-25 07:06:10,77,2018-03-25 11:28:10,RZG E322
943,54,46,2017-04-16 19:46:35,24,2017-04-17 00:02:35,DQ 248YJ
944,93,11,2018-04-21 06:25:44,0,2018-04-21 08:02:44,SJ 69032
945,69,20,2017-02-03 23:50:54,34,2017-02-04 03:40:54,CU 5B574
946,36,47,2017-03-02 09:16:17,19,2017-03-02 12:28:17,ST 8479R
947,20,98,2019-01-26 02:41:44,30,2019-01-26 04:40:44,WSY 16757
948,75,60,2019-08-23 18:11:51,78,2019-08-23 22:22:51,IBB 2J19
949,60,46,2018-03-29 08:54:02,38,2018-03-29 10:31:02,EQH 16E8
950,86,98,2016-01-02 03:56:10,71,2016-01-02 07:25:10,TXU 00L3
951,63,72,2018-07-16 04:15:53,69,2018-07-16 06:32:53,WG 766VP
952,89,67,2016-05-06 06:38:58,76,2016-05-06 09:40:58,QWS 372BJ
953,95,77,2019-06-19 08:50:05,18,2019-06-19 10:38:05,NKD 6UT4
954,26,21,2019-05-05 02:38:59,75,2019-05-05 07:07:59,TWJ 2C06
955,35,62,2016-02-21 18:28:06,95,2016-02-21 19:24:06,KDS 980MJ
956,40,41,2016-04-21 06:47:42,85,2016-04-21 07:06:42,JL 5GW33
957,55,96,2016-08-22 04:58:26,18,2016-08-22 08:13:26,IBB 2J19
958,9,7,2016-02-24 00:40:41,36,2016-02-24 01:59:41,PAP 2N46
959,11,7,2018-03-18 18:50:25,23,2018-03-18 20:20:25,WG 766VP
960,44,19,2019-01-29 14:09:05,1,2019-01-29 18:35:05,ROK 63JO
961,44,77,2018-05-24 03:36:55,64,2018-05-24 07:47:55,SAS 2TC5
962,39,69,2019-12-15 21:35:35,85,2019-12-16 02:06:35,KVF 8821N
963,60,20,2016-06-28 19:08:39,89,2016-06-28 20:39:39,ANZ TB24
964,61,7,2016-10-23 14:37:28,9,2016-10-23 14:53:28,FQ 3510X
965,17,5,2017-04-01 14:47:57,12,2017-04-01 18:58:57,QWS 372BJ
966,13,73,2016-10-13 20:39:03,83,2016-10-13 22:56:03,TQY 440EQ
967,10,10,2018-09-30 19:49:35,83,2018-09-30 23:18:35,YU 820UV
968,53,99,2017-12-27 02:59:37,56,2017-12-27 07:11:37,CU 5B574
969,16,4,2017-10-18 23:53:56,65,2017-10-19 04:49:56,MR 25334
970,17,70,2017-01-28 07:44:38,44,2017-01-28 12:18:38,SZE 4Z37
971,83,16,2016-02-23 05:27:34,51,2016-02-23 09:59:34,EE 6NZ73
972,11,63,2019-09-24 15:19:01,14,2019-09-24 17:21:01,EWG 5566J
973,63,6,2016-11-09 08:11:03,46,2016-11-09 09:00:03,ETJ 58N3
974,88,18,2019-02-26 13:50:18,56,2019-02-26 17:00:18,EE 6NZ73
975,48,98,2019-06-06 17:49:25,37,2019-06-06 21:35:25,QAG 30GG
976,37,84,2016-01-15 16:56:07,78,2016-01-15 20:13:07,EE 6NZ73
977,98,58,2018-09-30 21:46:10,84,2018-09-30 23:40:10,FHQ JD77
978,7,1,2019-10-22 03:08:49,6,2019-10-22 04:39:49,SZE 4Z37
979,53,87,2018-05-13 20:21:11,11,2018-05-13 21:52:11,ETJ 58N3
980,66,39,2018-06-21 08:51:39,42,2018-06-21 13:36:39,BE 035ZW
981,82,30,2017-03-22 22:35:24,20,2017-03-23 03:34:24,WL 2V338
982,90,73,2018-08-19 18:51:11,17,2018-08-19 21:40:11,TQY 440EQ
983,74,25,2019-07-13 12:46:17,34,2019-07-13 16:02:17,DTK FR35
984,74,30,2019-04-04 13:58:32,68,2019-04-04 17:00:32,SG 627OD
985,11,81,2016-09-28 22:10:28,11,2016-09-28 23:06:28,TWJ 2C06
986,76,63,2017-02-23 23:52:43,58,2017-02-24 04:03:43,EWG 5566J
987,65,8,2016-09-14 11:02:33,41,2016-09-14 15:48:33,WSY 16757
988,56,69,2016-10-05 22:09:35,15,2016-10-06 02:17:35,SJ 69032
989,22,3,2019-08-21 07:32:02,80,2019-08-21 12:22:02,HSX 0Q24
990,54,78,2016-02-13 06:41:25,13,2016-02-13 07:24:25,KXK 7FR9
991,5,3,2016-03-01 04:40:18,87,2016-03-01 08:41:18,RG 0RL71
992,95,38,2019-02-01 14:16:52,55,2019-02-01 15:41:52,KVF 8821N
993,96,2,2019-01-03 00:24:09,43,2019-01-03 02:11:09,ROK 63JO
994,11,50,2018-10-01 23:56:58,14,2018-10-02 03:25:58,LFD 2T76
995,54,40,2017-03-10 06:35:29,77,2017-03-10 07:53:29,SZE 4Z37
996,0,14,2019-06-23 03:18:29,17,2019-06-23 05:43:29,BE 035ZW
997,84,6,2016-12-18 23:28:37,33,2016-12-19 00:03:37,LFD 2T76
998,59,22,2016-08-11 16:05:29,55,2016-08-11 18:38:29,WL 2V338
999,88,9,2017-05-01 06:00:53,63,2017-05-01 08:37:53,DQ 248YJ
1000,7,9,2023-09-03 19:26:15,48,2023-09-03 20:00:15,DKG 1MH8
1001,68,87,2023-07-20 12:02:14,11,2023-07-20 12:33:14,ROK 63JO
1002,82,23,2023-12-27 10:44:46,74,2023-12-27 11:52:46,AD 6869I
1003,19,30,2022-10-30 23:30:34,72,2022-10-31 02:41:34,WSY 16757
1004,52,84,2022-03-16 18:54:28,90,2022-03-16 23:46:28,ON 97525
1005,61,88,2023-12-14 21:32:00,92,2023-12-14 23:39:00,KDS 980MJ
1006,72,39,2023-12-19 07:28:14,21,2023-12-19 09:07:14,AE 792GX
1007,30,9,2023-06-12 20:27:03,7,2023-06-12 22:47:03,SG 627OD
1008,15,43,2022-01-14 06:32:23,89,2022-01-14 11:18:23,CU 5B574
1009,65,96,2022-10-17 08:36:45,106,2022-10-17 11:36:45,CU 5B574
1010,62,91,2022-05-01 10:04:47,26,2022-05-01 13:42:47,TFP ZV69
1011,36,96,2023-04-07 23:00:14,80,2023-04-08 00:51:14,TQY 440EQ
1012,64,59,2022-11-27 13:16:06,75,2022-11-27 14:15:06,NL 8759E
1013,57,90,2022-10-07 10:01:48,84,2022-10-07 14:35:48,LJE 45111
1014,2,87,2023-12-30 00:29:19,77,2023-12-30 05:19:19,PAP 2N46
1015,51,82,2022-10-15 14:34:06,99,2022-10-15 15:34:06,NKD 6UT4
1016,1,13,2022-06-24 05:30:18,42,2022-06-24 09:44:18,HSX 0Q24
1017,41,56,2023-04-26 08:20:43,106,2023-04-26 08:31:43,MV 9NU07
1018,106,41,2022-10-12 18:18:49,16,2022-10-12 19:33:49,KXK 7FR9
1019,21,52,2023-02-21 12:13:53,94,2023-02-21 14:20:53,PMZ LE23
1020,92,36,2023-05-15 03:46:01,83,2023-05-15 06:17:01,EH 464YL
1021,24,92,2022-01-28 14:16:32,96,2022-01-28 15:59:32,SEB 754TY
1022,39,19,2023-12-01 22:15:45,97,2023-12-02 01:34:45,KJV 9M17
1023,100,83,2022-03-04 20:14:42,106,2022-03-04 22:17:42,WG 766VP
1024,80,60,2023-01-07 06:47:41,56,2023-01-07 08:16:41,ZYE 2I72
1025,77,92,2022-12-28 02:34:27,101,2022-12-28 05:59:27,TWJ 2C06
1026,69,50,2022-05-03 02:30:35,105,2022-05-03 03:17:35,EJ 10122
1027,100,73,2023-10-13 08:21:48,24,2023-10-13 08:27:48,WL 2V338
1028,2,74,2023-03-14 02:05:15,86,2023-03-14 03:52:15,KMO P825
1029,36,61,2023-02-03 06:29:25,6,2023-02-03 11:18:25,XOM 430HV
1030,49,63,2023-06-29 22:36:19,51,2023-06-30 01:32:19,MV 9NU07
1031,45,72,2023-12-23 01:31:03,46,2023-12-23 01:58:03,QZX 48MB
1032,105,41,2022-01-25 04:12:10,78,2022-01-25 09:07:10,TG 58727
1033,2,37,2023-05-05 07:15:35,62,2023-05-05 08:24:35,RZG E322
1034,103,51,2023-06-15 09:38:27,46,2023-06-15 13:08:27,DTK FR35
1035,74,80,2023-07-24 10:56:38,87,2023-07-24 13:24:38,SZE 4Z37
1036,38,99,2023-11-16 23:46:29,101,2023-11-17 00:18:29,MA 5937A
1037,20,23,2022-07-09 18:03:05,29,2022-07-09 20:28:05,HSX 0Q24
1038,28,106,2023-08-09 08:47:03,57,2023-08-09 12:35:03,SG 627OD
1039,12,104,2022-02-21 05:04:16,16,2022-02-21 07:38:16,EJ 10122
1040,42,44,2023-08-05 14:44:11,66,2023-08-05 18:30:11,CUU 820FA
1041,106,96,2023-12-28 15:12:03,0,2023-12-28 15:34:03,WE 869ST
1042,19,96,2023-01-06 02:36:55,0,2023-01-06 07:27:55,NIG 6EH2
1043,96,107,2023-02-17 05:33:28,74,2023-02-17 08:00:28,PMZ LE23
1044,8,11,2022-08-27 03:52:55,101,2022-08-27 04:35:55,EXC 3JJ9
1045,34,21,2023-12-29 01:03:21,108,2023-12-29 04:46:21,OB 03387
1046,72,97,2023-01-04 19:23:35,54,2023-01-04 22:40:35,QD 8HF20
1047,87,89,2022-06-30 22:07:05,50,2022-07-01 02:15:05,FHQ JD77
1048,12,16,2022-09-25 17:38:45,38,2022-09-25 22:38:45,UM 2XE10
1049,90,79,2022-01-28 13:34:22,4,2022-01-28 13:44:22,AD 6869I
1050,44,2,2023-07-14 12:10:50,3,2023-07-14 13:14:50,UDE 5Z78
1051,76,51,2022-12-06 23:12:25,75,2022-12-07 01:16:25,NNA 04852
1052,5,93,2022-10-06 18:52:00,94,2022-10-06 22:53:00,VRI 2GV9
1053,89,13,2023-03-12 22:44:34,44,2023-03-13 02:15:34,OB 03387
1054,31,29,2023-04-15 02:59:30,68,2023-04-15 07:46:30,SPV 4211F
1055,75,55,2023-11-08 06:23:23,9,2023-11-08 08:07:23,MR 25334
1056,65,74,2022-12-29 03:36:52,28,2022-12-29 04:17:52,NM 610LL
1057,58,16,2023-06-05 06:39:44,104,2023-06-05 08:12:44,DM 0C935
1058,51,19,2022-06-19 23:04:36,109,2022-06-20 03:36:36,WG 766VP
1059,94,49,2022-04-01 01:38:35,65,2022-04-01 02:46:35,EQH 16E8
1060,79,28,2022-01-03 17:59:11,35,2022-01-03 19:17:11,ZYE 2I72
1061,28,109,2023-09-26 04:24:23,51,2023-09-26 06:00:23,FQ 1LQ14
1062,52,1,2023-07-05 02:52:23,76,2023-07-05 02:57:23,IOX SL81
1063,55,57,2022-07-16 08:14:24,80,2022-07-16 12:45:24,IMV 8YP1
1064,100,57,2023-11-23 18:25:54,90,2023-11-23 22:39:54,TWJ 2C06
1065,13,20,2023-09-07 10:26:25,12,2023-09-07 11:39:25,SCZ 1F62
1066,22,92,2023-02-18 06:10:06,3,2023-02-18 08:12:06,WL 2V338
1067,3,90,2023-01-04 23:50:03,40,2023-01-05 00:28:03,NM 610LL
1068,50,36,2023-08-22 00:04:03,103,2023-08-22 01:14:03,ROK 63JO
1069,57,50,2023-02-16 12:46:49,52,2023-02-16 17:20:49,IBB 2J19
1070,47,98,2022-10-22 20:53:53,32,2022-10-23 00:48:53,KDS 980MJ
1071,67,107,2023-08-25 15:49:47,52,2023-08-25 19:52:47,EVS 2142I
1072,2,104,2023-08-29 15:19:58,55,2023-08-29 16:36:58,GQ 99616
1073,63,1,2022-10-20 01:02:32,30,2022-10-20 02:12:32,TQY 440EQ
1074,83,17,2022-04-30 04:20:34,107,2022-04-30 07:32:34,KVF 8821N
1075,15,36,2022-09-18 16:44:04,24,2022-09-18 19:09:04,TWJ 2C06
1076,51,14,2022-07-01 03:43:30,103,2022-07-01 04:03:30,WJT 5W39
1077,56,41,2023-01-20 14:20:40,45,2023-01-20 18:44:40,TQY 440EQ
1078,58,22,2023-06-01 12:55:28,103,2023-06-01 16:10:28,TG 515KX
1079,100,24,2023-12-05 16:23:54,6,2023-12-05 19:53:54,CU 5B574
1080,39,19,2023-05-01 09:53:09,6,2023-05-01 12:04:09,PJ 6701U
1081,0,40,2023-05-20 10:40:45,48,2023-05-20 12:56:45,CT 0G163
1082,84,105,2023-02-28 13:18:35,47,2023-02-28 16:13:35,TG 58727
1083,5,100,2022-07-27 13:27:45,91,2022-07-27 14:38:45,KXK 7FR9
1084,76,74,2023-11-28 15:59:50,107,2023-11-28 19:53:50,ULO 9G37
1085,81,12,2022-01-09 01:56:46,23,2022-01-09 03:43:46,BE 035ZW
1086,36,81,2023-05-19 10:18:38,31,2023-05-19 14:09:38,RF 7059G
1087,30,104,2023-04-18 06:05:55,1,2023-04-18 07:35:55,WE 869ST
1088,76,31,2023-04-28 13:44:55,32,2023-04-28 17:59:55,EW 739IC
1089,12,72,2023-04-12 03:46:25,83,2023-04-12 06:17:25,TG 58727
1090,68,44,2022-12-07 04:35:30,107,2022-12-07 08:36:30,CU 5B574
1091,8,31,2022-03-22 08:27:43,64,2022-03-22 12:25:43,ROK 63JO
1092,21,23,2022-12-16 03:42:43,35,2022-12-16 06:06:43,KMO P825
1093,51,67,2022-05-31 14:15:02,105,2022-05-31 17:40:02,TQY 440EQ
1094,17,13,2023-11-29 11:33:30,1,2023-11-29 14:24:30,ZXN 178JJ
1095,69,66,2023-11-22 00:21:38,64,2023-11-22 03:24:38,EH 464YL
1096,58,88,2023-02-10 17:22:50,71,2023-02-10 19:18:50,ZYE 2I72
1097,51,0,2022-01-11 22:27:45,107,2022-01-12 00:37:45,NA 77233
1098,20,90,2023-07-02 23:45:57,97,2023-07-03 00:09:57,QD 8HF20
1099,35,69,2023-08-09 03:55:27,23,2023-08-09 07:57:27,ETJ 58N3
